file_name,label,,,
1.jpg,0,,,
2.jpg,0,,,
3.jpg,0,,,
4.jpg,0,,,
5.jpg,0,,,
6.jpg,0,,,
7.jpg,0,,,
8.jpg,0,,,
9.jpg,0,,,
10.jpg,1,,,
11.jpg,2,,,
12.jpg,2,,,
13.jpg,2,,,
14.jpg,3,,,
15.jpg,3,,,
16.jpg,3,,,
17.jpg,4,,,
18.jpg,3,,,
19.jpg,1,,,
20.jpg,3,,,
21.jpg,3,,,
22.jpg,1,,,
23.jpg,0,,,
24.jpg,1,,,
25.jpg,0,,,
26.jpg,0,,,
27.jpg,0,,,
28.jpg,1,,,
29.jpg,3,,,
30.jpg,1,,,
31.jpg,1,,,
32.jpg,3,,,
33.jpg,3,,,
34.jpg,1,,,
35.jpg,3,,,
36.jpg,0,,,
37.jpg,0,,,
38.jpg,1,,,
39.jpg,1,,,
40.jpg,2,,,
41.jpg,2,,,
42.jpg,1,,,
43.jpg,1,,,
44.jpg,2,,,
45.jpg,3,,,
46.jpg,5,,,
47.jpg,6,,,
48.jpg,6,,,
49.jpg,6,,,
50.jpg,1,,,
51.jpg,1,,,
52.jpg,0,,,
53.jpg,0,,,
54.jpg,0,,,
55.jpg,0,,,
56.jpg,1,,,
57.jpg,1,,,
58.jpg,1,,,
59.jpg,1,,,
60.jpg,0,,,
61.jpg,0,,,
62.jpg,3,,,
63.jpg,3,,,
64.jpg,3,,,
65.jpg,3,,,
66.jpg,1,,,
67.jpg,1,,,
68.jpg,1,,,
69.jpg,1,,,
70.jpg,1,,,
71.jpg,7,,,
72.jpg,7,,,
73.jpg,7,,,
74.jpg,7,,,
75.jpg,7,,,
76.jpg,7,,,
77.jpg,7,,,
78.jpg,1,,,
79.jpg,1,,,
80.jpg,0,,,
81.jpg,0,,,
82.jpg,0,,,
83.jpg,5,,,
84.jpg,1,,,
85.jpg,0,,,
86.jpg,3,,,
87.jpg,1,,,
88.jpg,0,,,
89.jpg,0,,,
90.jpg,3,,,
91.jpg,0,,,
92.jpg,0,,,
93.jpg,3,,,
94.jpg,3,,,
95.jpg,3,,,
96.jpg,1,,,
97.jpg,1,,,
98.jpg,1,,,
99.jpg,3,,,
100.jpg,3,,,
101.jpg,0,,,
102.jpg,0,,,
103.jpg,1,,,
104.jpg,7,,,
105.jpg,7,,,
106.jpg,7,,,
107.jpg,0,,,
108.jpg,0,,,
109.jpg,0,,,
110.jpg,3,,,
111.jpg,0,,,
112.jpg,3,,,
113.jpg,3,,,
114.jpg,1,,,
115.jpg,1,,,
116.jpg,1,,,
117.jpg,1,,,
118.jpg,1,,,
119.jpg,1,,,
120.jpg,1,,,
121.jpg,3,,,
122.jpg,3,,,
123.jpg,0,,,
124.jpg,0,,,
125.jpg,0,,,
126.jpg,0,,,
127.jpg,1,,,
128.jpg,1,,,
129.jpg,1,,,
130.jpg,3,,,
131.jpg,3,,,
132.jpg,3,,,
133.jpg,3,,,
134.jpg,3,,,
135.jpg,3,,,
136.jpg,3,,,
137.jpg,3,,,
138.jpg,1,,,
139.jpg,3,,,
140.jpg,3,,,
141.jpg,0,,,
142.jpg,3,,,
143.jpg,3,,,
144.jpg,1,,,
145.jpg,0,,,
146.jpg,0,,,
147.jpg,0,,,
148.jpg,3,,,
149.jpg,3,,,
150.jpg,3,,,
151.jpg,0,,,
152.jpg,1,,,
153.jpg,1,,,
154.jpg,3,,,
155.jpg,3,,,
156.jpg,3,,,
157.jpg,1,,,
158.jpg,1,,,
159.jpg,1,,,
160.jpg,3,,,
161.jpg,1,,,
162.jpg,3,,,
163.jpg,3,,,
164.jpg,3,,,
165.jpg,0,,,
166.jpg,1,,,
167.jpg,1,,,
168.jpg,0,,,
169.jpg,3,,,
170.jpg,3,,,
171.jpg,3,,,
172.jpg,3,,,
173.jpg,3,,,
174.jpg,3,,,
175.jpg,3,,,
176.jpg,3,,,
177.jpg,3,,,
178.jpg,3,,,
179.jpg,3,,,
180.jpg,3,,,
181.jpg,3,,,
182.jpg,3,,,
183.jpg,3,,,
184.jpg,3,,,
185.jpg,3,,,
186.jpg,3,,,
187.jpg,3,,,
188.jpg,3,,,
189.jpg,3,,,
190.jpg,3,,,
191.jpg,3,,,
192.jpg,1,,,
193.jpg,3,,,
194.jpg,3,,,
195.jpg,3,,,
196.jpg,3,,,
197.jpg,1,,,
198.jpg,1,,,
199.jpg,8,,,
200.jpg,8,,,
201.jpg,8,,,
202.jpg,0,,,
203.jpg,1,,,
204.jpg,1,,,
205.jpg,1,,,
206.jpg,1,,,
207.jpg,0,,,
208.jpg,3,,,
209.jpg,3,,,
210.jpg,3,,,
211.jpg,0,,,
212.jpg,0,,,
213.jpg,0,,,
214.jpg,0,,,
215.jpg,0,,,
216.jpg,0,,,
217.jpg,0,,,
218.jpg,0,,,
219.jpg,0,,,
220.jpg,1,,,
221.jpg,1,,,
222.jpg,1,,,
223.jpg,1,,,
224.jpg,1,,,
225.jpg,1,,,
226.jpg,1,,,
227.jpg,1,,,
228.jpg,1,,,
229.jpg,1,,,
230.jpg,1,,,
231.jpg,1,,,
232.jpg,1,,,
233.jpg,3,,,
234.jpg,3,,,
235.jpg,3,,,
236.jpg,3,,,
237.jpg,1,,,
238.jpg,1,,,
239.jpg,1,,,
240.jpg,1,,,
241.jpg,1,,,
242.jpg,1,,,
243.jpg,1,,,
244.jpg,3,,,
245.jpg,3,,,
246.jpg,3,,,
247.jpg,3,,,
248.jpg,3,,,
249.jpg,1,,,
250.jpg,3,,,
251.jpg,3,,,
252.jpg,1,,,
253.jpg,0,,,
254.jpg,3,,,
255.jpg,0,,,
256.jpg,1,,,
257.jpg,0,,,
258.jpg,3,,,
259.jpg,3,,,
260.jpg,0,,,
261.jpg,1,,,
262.jpg,1,,,
263.jpg,0,,,
264.jpg,1,,,
265.jpg,3,,,
266.jpg,1,,,
267.jpg,3,,,
268.jpg,2,,,
269.jpg,2,,,
270.jpg,2,,,
271.jpg,0,,,
272.jpg,1,,,
273.jpg,0,,,
274.jpg,1,,,
275.jpg,0,,,
276.jpg,1,,,
277.jpg,1,,,
278.jpg,1,,,
279.jpg,1,,,
280.jpg,1,,,
281.jpg,1,,,
282.jpg,3,,,
283.jpg,1,,,
284.jpg,1,,,
285.jpg,1,,,
286.jpg,1,,,
287.jpg,1,,,
288.jpg,1,,,
289.jpg,3,,,
290.jpg,3,,,
291.jpg,1,,,
292.jpg,1,,,
293.jpg,1,,,
294.jpg,3,,,
295.jpg,1,,,
296.jpg,1,,,
297.jpg,3,,,
298.jpg,3,,,
299.jpg,3,,,
300.jpg,3,,,
301.jpg,1,,,
302.jpg,1,,,
303.jpg,1,,,
304.jpg,3,,,
305.jpg,1,,,
306.jpg,3,,,
307.jpg,1,,,
308.jpg,1,,,
309.jpg,1,,,
310.jpg,1,,,
311.jpg,1,,,
312.jpg,3,,,
313.jpg,1,,,
314.jpg,1,,,
315.jpg,0,,,
316.jpg,3,,,
317.jpg,1,,,
318.jpg,1,,,
319.jpg,1,,,
320.jpg,3,,,
321.jpg,1,,,
322.jpg,1,,,
323.jpg,1,,,
324.jpg,1,,,
325.jpg,8,,,
326.jpg,3,,,
327.jpg,3,,,
328.jpg,1,,,
329.jpg,1,,,
330.jpg,3,,,
331.jpg,3,,,
332.jpg,3,,,
333.jpg,1,,,
334.jpg,3,,,
335.jpg,3,,,
336.jpg,3,,,
337.jpg,3,,,
338.jpg,3,,,
339.jpg,3,,,
340.jpg,3,,,
341.jpg,3,,,
342.jpg,1,,,
343.jpg,1,,,
344.jpg,1,,,
345.jpg,1,,,
346.jpg,1,,,
347.jpg,3,,,
348.jpg,1,,,
349.jpg,1,,,
350.jpg,1,,,
351.jpg,3,,,
352.jpg,1,,,
353.jpg,1,,,
354.jpg,3,,,
355.jpg,3,,,
356.jpg,3,,,
357.jpg,3,,,
358.jpg,3,,,
359.jpg,3,,,
360.jpg,3,,,
361.jpg,3,,,
362.jpg,3,,,
363.jpg,3,,,
364.jpg,3,,,
365.jpg,0,,,
366.jpg,0,,,
367.jpg,3,,,
368.jpg,3,,,
369.jpg,3,,,
370.jpg,3,,,
371.jpg,1,,,
372.jpg,1,,,
373.jpg,3,,,
374.jpg,8,,,
375.jpg,1,,,
376.jpg,1,,,
377.jpg,3,,,
378.jpg,3,,,
379.jpg,1,,,
380.jpg,1,,,
381.jpg,1,,,
382.jpg,3,,,
383.jpg,3,,,
384.jpg,3,,,
385.jpg,3,,,
386.jpg,3,,,
387.jpg,3,,,
388.jpg,3,,,
389.jpg,3,,,
390.jpg,1,,,
391.jpg,0,,,
392.jpg,0,,,
393.jpg,3,,,
394.jpg,3,,,
395.jpg,3,,,
396.jpg,3,,,
397.jpg,3,,,
398.jpg,0,,,
399.jpg,0,,,
400.jpg,0,,,
401.jpg,0,,,
402.jpg,0,,,
403.jpg,0,,,
404.jpg,0,,,
405.jpg,0,,,
406.jpg,3,,,
407.jpg,3,,,
408.jpg,3,,,
409.jpg,3,,,
410.jpg,1,,,
411.jpg,1,,,
412.jpg,3,,,
413.jpg,1,,,
414.jpg,3,,,
415.jpg,3,,,
416.jpg,3,,,
417.jpg,3,,,
418.jpg,3,,,
419.jpg,9,,,
420.jpg,1,,,
421.jpg,1,,,
422.jpg,1,,,
423.jpg,1,,,
424.jpg,3,,,
425.jpg,1,,,
426.jpg,1,,,
427.jpg,1,,,
428.jpg,3,,,
429.jpg,1,,,
430.jpg,1,,,
431.jpg,1,,,
432.jpg,1,,,
433.jpg,1,,,
434.jpg,1,,,
435.jpg,1,,,
436.jpg,1,,,
437.jpg,1,,,
438.jpg,3,,,
439.jpg,1,,,
440.jpg,1,,,
441.jpg,1,,,
442.jpg,1,,,
443.jpg,0,,,
444.jpg,0,,,
445.jpg,0,,,
446.jpg,1,,,
447.jpg,1,,,
448.jpg,3,,,
449.jpg,1,,,
450.jpg,1,,,
451.jpg,1,,,
452.jpg,1,,,
453.jpg,1,,,
454.jpg,1,,,
455.jpg,1,,,
456.jpg,1,,,
457.jpg,1,,,
458.jpg,1,,,
459.jpg,3,,,
460.jpg,3,,,
461.jpg,3,,,
462.jpg,0,,,
463.jpg,0,,,
464.jpg,3,,,
465.jpg,3,,,
466.jpg,3,,,
467.jpg,3,,,
468.jpg,3,,,
469.jpg,1,,,
470.jpg,1,,,
471.jpg,3,,,
472.jpg,3,,,
473.jpg,5,,,
474.jpg,3,,,
475.jpg,8,,,
476.jpg,1,,,
477.jpg,3,,,
478.jpg,0,,,
479.jpg,0,,,
480.jpg,0,,,
481.jpg,0,,,
482.jpg,3,,,
483.jpg,3,,,
484.jpg,3,,,
485.jpg,3,,,
486.jpg,3,,,
487.jpg,3,,,
488.jpg,3,,,
489.jpg,3,,,
490.jpg,1,,,
491.jpg,1,,,
492.jpg,1,,,
493.jpg,1,,,
494.jpg,1,,,
495.jpg,1,,,
496.jpg,1,,,
497.jpg,1,,,
498.jpg,1,,,
499.jpg,1,,,
500.jpg,1,,,
501.jpg,3,,,
502.jpg,3,,,
503.jpg,3,,,
504.jpg,3,,,
505.jpg,0,,,
506.jpg,3,,,
507.jpg,3,,,
508.jpg,3,,,
509.jpg,0,,,
510.jpg,1,,,
511.jpg,1,,,
512.jpg,1,,,
513.jpg,3,,,
514.jpg,3,,,
515.jpg,3,,,
516.jpg,0,,,
517.jpg,0,,,
518.jpg,0,,,
519.jpg,3,,,
520.jpg,0,,,
521.jpg,0,,,
522.jpg,0,,,
523.jpg,0,,,
524.jpg,3,,,
525.jpg,3,,,
526.jpg,0,,,
527.jpg,0,,,
528.jpg,0,,,
529.jpg,0,,,
530.jpg,0,,,
531.jpg,0,,,
532.jpg,0,,,
533.jpg,0,,,
534.jpg,0,,,
535.jpg,0,,,
536.jpg,0,,,
537.jpg,0,,,
538.jpg,0,,,
539.jpg,0,,,
540.jpg,0,,,
541.jpg,0,,,
542.jpg,0,,,
543.jpg,0,,,
544.jpg,1,,,
545.jpg,0,,,
546.jpg,0,,,
547.jpg,0,,,
548.jpg,0,,,
549.jpg,0,,,
550.jpg,3,,,
551.jpg,3,,,
552.jpg,3,,,
553.jpg,3,,,
554.jpg,3,,,
555.jpg,3,,,
556.jpg,0,,,
557.jpg,0,,,
558.jpg,0,,,
559.jpg,0,,,
560.jpg,0,,,
561.jpg,3,,,
562.jpg,3,,,
563.jpg,1,,,
564.jpg,1,,,
565.jpg,1,,,
566.jpg,1,,,
567.jpg,1,,,
568.jpg,1,,,
569.jpg,3,,,
570.jpg,3,,,
571.jpg,3,,,
572.jpg,1,,,
573.jpg,1,,,
574.jpg,3,,,
575.jpg,3,,,
576.jpg,3,,,
577.jpg,1,,,
578.jpg,0,,,
579.jpg,1,,,
580.jpg,0,,,
581.jpg,0,,,
582.jpg,0,,,
583.jpg,6,,,
584.jpg,6,,,
585.jpg,6,,,
586.jpg,6,,,
587.jpg,3,,,
588.jpg,3,,,
589.jpg,1,,,
590.jpg,1,,,
591.jpg,3,,,
592.jpg,5,,,
593.jpg,5,,,
594.jpg,3,,,
595.jpg,9,,,
596.jpg,3,,,
597.jpg,3,,,
598.jpg,3,,,
599.jpg,1,,,
600.jpg,1,,,
601.jpg,1,,,
602.jpg,3,,,
603.jpg,3,,,
604.jpg,3,,,
605.jpg,3,,,
606.jpg,0,,,
607.jpg,0,,,
608.jpg,3,,,
609.jpg,3,,,
610.jpg,0,,,
611.jpg,0,,,
612.jpg,3,,,
613.jpg,3,,,
614.jpg,3,,,
615.jpg,3,,,
616.jpg,3,,,
617.jpg,1,,,
618.jpg,0,,,
619.jpg,0,,,
620.jpg,0,,,
621.jpg,0,,,
622.jpg,0,,,
623.jpg,0,,,
624.jpg,3,,,
625.jpg,3,,,
626.jpg,1,,,
627.jpg,3,,,
628.jpg,1,,,
629.jpg,1,,,
630.jpg,1,,,
631.jpg,1,,,
632.jpg,1,,,
633.jpg,1,,,
634.jpg,1,,,
635.jpg,1,,,
636.jpg,3,,,
637.jpg,3,,,
638.jpg,3,,,
639.jpg,3,,,
640.jpg,3,,,
641.jpg,3,,,
642.jpg,0,,,
643.jpg,0,,,
644.jpg,0,,,
645.jpg,0,,,
646.jpg,0,,,
647.jpg,1,,,
648.jpg,0,,,
649.jpg,0,,,
650.jpg,0,,,
651.jpg,3,,,
652.jpg,3,,,
653.jpg,3,,,
654.jpg,3,,,
655.jpg,0,,,
656.jpg,0,,,
657.jpg,0,,,
658.jpg,0,,,
659.jpg,0,,,
660.jpg,0,,,
661.jpg,1,,,
662.jpg,3,,,
663.jpg,1,,,
664.jpg,1,,,
665.jpg,1,,,
666.jpg,3,,,
667.jpg,3,,,
668.jpg,3,,,
669.jpg,3,,,
670.jpg,1,,,
671.jpg,1,,,
672.jpg,1,,,
673.jpg,3,,,
674.jpg,3,,,
675.jpg,3,,,
676.jpg,3,,,
677.jpg,1,,,
678.jpg,3,,,
679.jpg,3,,,
680.jpg,3,,,
681.jpg,3,,,
682.jpg,1,,,
683.jpg,1,,,
684.jpg,1,,,
685.jpg,1,,,
686.jpg,1,,,
687.jpg,1,,,
688.jpg,3,,,
689.jpg,3,,,
690.jpg,0,,,
691.jpg,0,,,
692.jpg,3,,,
693.jpg,3,,,
694.jpg,1,,,
695.jpg,3,,,
696.jpg,3,,,
697.jpg,3,,,
698.jpg,3,,,
699.jpg,1,,,
700.jpg,1,,,
701.jpg,3,,,
702.jpg,3,,,
703.jpg,3,,,
704.jpg,3,,,
705.jpg,3,,,
706.jpg,1,,,
707.jpg,1,,,
708.jpg,1,,,
709.jpg,0,,,
710.jpg,0,,,
711.jpg,3,,,
712.jpg,3,,,
713.jpg,1,,,
714.jpg,0,,,
715.jpg,1,,,
716.jpg,1,,,
717.jpg,1,,,
718.jpg,1,,,
719.jpg,1,,,
720.jpg,1,,,
721.jpg,0,,,
722.jpg,3,,,
723.jpg,3,,,
724.jpg,3,,,
725.jpg,3,,,
726.jpg,3,,,
727.jpg,3,,,
728.jpg,1,,,
729.jpg,1,,,
730.jpg,1,,,
731.jpg,1,,,
732.jpg,9,,,
733.jpg,1,,,
734.jpg,3,,,
735.jpg,0,,,
736.jpg,1,,,
737.jpg,3,,,
738.jpg,1,,,
739.jpg,1,,,
740.jpg,3,,,
741.jpg,3,,,
742.jpg,3,,,
743.jpg,3,,,
744.jpg,1,,,
745.jpg,8,,,
746.jpg,8,,,
747.jpg,1,,,
748.jpg,3,,,
749.jpg,3,,,
750.jpg,3,,,
751.jpg,1,,,
752.jpg,1,,,
753.jpg,1,,,
754.jpg,1,,,
755.jpg,1,,,
756.jpg,3,,,
757.jpg,3,,,
758.jpg,3,,,
759.jpg,1,,,
760.jpg,1,,,
761.jpg,1,,,
762.jpg,1,,,
763.jpg,1,,,
764.jpg,1,,,
765.jpg,1,,,
766.jpg,3,,,
767.jpg,1,,,
768.jpg,1,,,
769.jpg,5,,,
770.jpg,0,,,
771.jpg,3,,,
772.jpg,3,,,
773.jpg,3,,,
774.jpg,0,,,
775.jpg,1,,,
776.jpg,1,,,
777.jpg,3,,,
778.jpg,1,,,
779.jpg,1,,,
780.jpg,1,,,
781.jpg,0,,,
782.jpg,0,,,
783.jpg,0,,,
784.jpg,0,,,
785.jpg,0,,,
786.jpg,0,,,
787.jpg,1,,,
788.jpg,1,,,
789.jpg,1,,,
790.jpg,1,,,
791.jpg,1,,,
792.jpg,1,,,
793.jpg,1,,,
794.jpg,0,,,
795.jpg,0,,,
796.jpg,0,,,
797.jpg,0,,,
798.jpg,0,,,
799.jpg,3,,,
800.jpg,3,,,
801.jpg,3,,,
802.jpg,3,,,
803.jpg,0,,,
804.jpg,0,,,
805.jpg,0,,,
806.jpg,1,,,
807.jpg,1,,,
808.jpg,1,,,
809.jpg,1,,,
810.jpg,6,,,
811.jpg,5,,,
812.jpg,3,,,
813.jpg,1,,,
814.jpg,3,,,
815.jpg,1,,,
816.jpg,1,,,
817.jpg,0,,,
818.jpg,0,,,
819.jpg,0,,,
820.jpg,1,,,
821.jpg,1,,,
822.jpg,1,,,
823.jpg,0,,,
824.jpg,0,,,
825.jpg,1,,,
826.jpg,1,,,
827.jpg,1,,,
828.jpg,1,,,
829.jpg,1,,,
830.jpg,1,,,
831.jpg,1,,,
832.jpg,1,,,
833.jpg,1,,,
834.jpg,1,,,
835.jpg,1,,,
836.jpg,1,,,
837.jpg,1,,,
838.jpg,1,,,
839.jpg,1,,,
840.jpg,3,,,
841.jpg,1,,,
842.jpg,0,,,
843.jpg,0,,,
844.jpg,0,,,
845.jpg,1,,,
846.jpg,1,,,
847.jpg,3,,,
848.jpg,3,,,
849.jpg,3,,,
850.jpg,1,,,
851.jpg,3,,,
852.jpg,1,,,
853.jpg,1,,,
854.jpg,1,,,
855.jpg,0,,,
856.jpg,0,,,
857.jpg,1,,,
858.jpg,1,,,
859.jpg,3,,,
860.jpg,3,,,
861.jpg,3,,,
862.jpg,3,,,
863.jpg,1,,,
864.jpg,3,,,
865.jpg,1,,,
866.jpg,1,,,
867.jpg,3,,,
868.jpg,3,,,
869.jpg,1,,,
870.jpg,1,,,
871.jpg,1,,,
872.jpg,0,,,
873.jpg,0,,,
874.jpg,1,,,
875.jpg,3,,,
876.jpg,3,,,
877.jpg,1,,,
878.jpg,3,,,
879.jpg,1,,,
880.jpg,8,,,
881.jpg,3,,,
882.jpg,3,,,
883.jpg,3,,,
884.jpg,3,,,
885.jpg,1,,,
886.jpg,1,,,
887.jpg,3,,,
888.jpg,1,,,
889.jpg,1,,,
890.jpg,1,,,
891.jpg,1,,,
892.jpg,1,,,
893.jpg,1,,,
894.jpg,3,,,
895.jpg,3,,,
896.jpg,3,,,
897.jpg,0,,,
898.jpg,0,,,
899.jpg,0,,,
900.jpg,0,,,
901.jpg,1,,,
902.jpg,1,,,
903.jpg,3,,,
904.jpg,3,,,
905.jpg,3,,,
906.jpg,1,,,
907.jpg,1,,,
908.jpg,1,,,
909.jpg,3,,,
910.jpg,3,,,
911.jpg,1,,,
912.jpg,0,,,
913.jpg,3,,,
914.jpg,3,,,
915.jpg,3,,,
916.jpg,3,,,
917.jpg,1,,,
918.jpg,0,,,
919.jpg,3,,,
920.jpg,3,,,
921.jpg,1,,,
922.jpg,3,,,
923.jpg,1,,,
924.jpg,3,,,
925.jpg,3,,,
926.jpg,0,,,
927.jpg,1,,,
928.jpg,3,,,
929.jpg,1,,,
930.jpg,1,,,
931.jpg,3,,,
932.jpg,3,,,
933.jpg,3,,,
934.jpg,3,,,
935.jpg,3,,,
936.jpg,3,,,
937.jpg,3,,,
938.jpg,3,,,
939.jpg,3,,,
940.jpg,3,,,
941.jpg,3,,,
942.jpg,3,,,
943.jpg,3,,,
944.jpg,3,,,
945.jpg,3,,,
946.jpg,3,,,
947.jpg,3,,,
948.jpg,3,,,
949.jpg,3,,,
950.jpg,3,,,
951.jpg,3,,,
952.jpg,3,,,
953.jpg,3,,,
954.jpg,0,,,
955.jpg,0,,,
956.jpg,0,,,
957.jpg,0,,,
958.jpg,0,,,
959.jpg,1,,,
960.jpg,1,,,
961.jpg,1,,,
962.jpg,1,,,
963.jpg,3,,,
964.jpg,3,,,
965.jpg,3,,,
966.jpg,0,,,
967.jpg,1,,,
968.jpg,1,,,
969.jpg,3,,,
970.jpg,1,,,
971.jpg,0,,,
972.jpg,0,,,
973.jpg,0,,,
974.jpg,0,,,
975.jpg,0,,,
976.jpg,1,,,
977.jpg,3,,,
978.jpg,3,,,
979.jpg,3,,,
980.jpg,3,,,
981.jpg,3,,,
982.jpg,3,,,
983.jpg,0,,,
984.jpg,0,,,
985.jpg,3,,,
986.jpg,3,,,
987.jpg,3,,,
988.jpg,3,,,
989.jpg,3,,,
990.jpg,3,,,
991.jpg,3,,,
992.jpg,3,,,
993.jpg,5,,,
994.jpg,6,,,
995.jpg,7,,,
996.jpg,3,,,
997.jpg,1,,,
998.jpg,3,,,
999.jpg,3,,,
1000.jpg,3,,,
1001.jpg,3,,,
1002.jpg,3,,,
1003.jpg,3,,,
1004.jpg,3,,,
1005.jpg,1,,,
1006.jpg,3,,,
1007.jpg,1,,,
1008.jpg,3,,,
1009.jpg,1,,,
1010.jpg,3,,,
1011.jpg,3,,,
1012.jpg,3,,,
1013.jpg,3,,,
1014.jpg,3,,,
1015.jpg,0,,,
1016.jpg,3,,,
1017.jpg,3,,,
1018.jpg,3,,,
1019.jpg,0,,,
1020.jpg,0,,,
1021.jpg,1,,,
1022.jpg,1,,,
1023.jpg,1,,,
1024.jpg,1,,,
1025.jpg,1,,,
1026.jpg,1,,,
1027.jpg,1,,,
1028.jpg,1,,,
1029.jpg,1,,,
1030.jpg,3,,,
1031.jpg,3,,,
1032.jpg,3,,,
1033.jpg,1,,,
1034.jpg,1,,,
1035.jpg,1,,,
1036.jpg,1,,,
1037.jpg,3,,,
1038.jpg,3,,,
1039.jpg,3,,,
1040.jpg,3,,,
1041.jpg,3,,,
1042.jpg,7,,,
1043.jpg,1,,,
1044.jpg,1,,,
1045.jpg,1,,,
1046.jpg,1,,,
1047.jpg,5,,,
1048.jpg,3,,,
1049.jpg,10,,,
1050.jpg,10,,,
1051.jpg,1,,,
1052.jpg,3,,,
1053.jpg,1,,,
1054.jpg,4,,,
1055.jpg,3,,,
1056.jpg,4,,,
1057.jpg,4,,,
1058.jpg,4,,,
1059.jpg,1,,,
1060.jpg,3,,,
1061.jpg,3,,,
1062.jpg,3,,,
1063.jpg,1,,,
1064.jpg,3,,,
1065.jpg,3,,,
1066.jpg,6,,,
1067.jpg,1,,,
1068.jpg,3,,,
1069.jpg,3,,,
1070.jpg,3,,,
1071.jpg,3,,,
1072.jpg,3,,,
1073.jpg,3,,,
1074.jpg,3,,,
1075.jpg,3,,,
1076.jpg,3,,,
1077.jpg,3,,,
1078.jpg,1,,,
1079.jpg,3,,,
1080.jpg,3,,,
1081.jpg,3,,,
1082.jpg,3,,,
1083.jpg,1,,,
1084.jpg,3,,,
1085.jpg,3,,,
1086.jpg,0,,,
1087.jpg,0,,,
1088.jpg,3,,,
1089.jpg,1,,,
1090.jpg,0,,,
1091.jpg,3,,,
1092.jpg,0,,,
1093.jpg,3,,,
1094.jpg,3,,,
1095.jpg,3,,,
1096.jpg,1,,,
1097.jpg,1,,,
1098.jpg,3,,,
1099.jpg,4,,,
1100.jpg,0,,,
1101.jpg,9,,,
1102.jpg,1,,,
1103.jpg,3,,,
1104.jpg,3,,,
1105.jpg,0,,,
1106.jpg,3,,,
1107.jpg,3,,,
1108.jpg,3,,,
1109.jpg,3,,,
1110.jpg,3,,,
1111.jpg,3,,,
1112.jpg,1,,,
1113.jpg,3,,,
1114.jpg,1,,,
1115.jpg,3,,,
1116.jpg,3,,,
1117.jpg,1,,,
1118.jpg,1,,,
1119.jpg,3,,,
1120.jpg,3,,,
1121.jpg,3,,,
1122.jpg,3,,,
1123.jpg,3,,,
1124.jpg,3,,,
1125.jpg,1,,,
1126.jpg,1,,,
1127.jpg,3,,,
1128.jpg,3,,,
1129.jpg,0,,,
1130.jpg,3,,,
1131.jpg,1,,,
1132.jpg,3,,,
1133.jpg,3,,,
1134.jpg,1,,,
1135.jpg,3,,,
1136.jpg,1,,,
1137.jpg,3,,,
1138.jpg,1,,,
1139.jpg,1,,,
1140.jpg,3,,,
1141.jpg,3,,,
1142.jpg,3,,,
1143.jpg,3,,,
1144.jpg,3,,,
1145.jpg,0,,,
1146.jpg,0,,,
1147.jpg,0,,,
1148.jpg,3,,,
1149.jpg,3,,,
1150.jpg,0,,,
1151.jpg,0,,,
1152.jpg,3,,,
1153.jpg,3,,,
1154.jpg,3,,,
1155.jpg,3,,,
1156.jpg,3,,,
1157.jpg,3,,,
1158.jpg,0,,,
1159.jpg,1,,,
1160.jpg,3,,,
1161.jpg,3,,,
1162.jpg,1,,,
1163.jpg,1,,,
1164.jpg,1,,,
1165.jpg,3,,,
1166.jpg,1,,,
1167.jpg,3,,,
1168.jpg,3,,,
1169.jpg,0,,,
1170.jpg,0,,,
1171.jpg,0,,,
1172.jpg,0,,,
1173.jpg,3,,,
1174.jpg,0,,,
1175.jpg,3,,,
1176.jpg,3,,,
1177.jpg,3,,,
1178.jpg,3,,,
1179.jpg,1,,,
1180.jpg,1,,,
1181.jpg,3,,,
1182.jpg,3,,,
1183.jpg,3,,,
1184.jpg,3,,,
1185.jpg,3,,,
1186.jpg,0,,,
1187.jpg,0,,,
1188.jpg,0,,,
1189.jpg,3,,,
1190.jpg,1,,,
1191.jpg,3,,,
1192.jpg,3,,,
1193.jpg,3,,,
1194.jpg,1,,,
1195.jpg,0,,,
1196.jpg,0,,,
1197.jpg,1,,,
1198.jpg,3,,,
1199.jpg,1,,,
1200.jpg,1,,,
1201.jpg,0,,,
1202.jpg,0,,,
1203.jpg,0,,,
1204.jpg,3,,,
1205.jpg,3,,,
1206.jpg,3,,,
1207.jpg,1,,,
1208.jpg,3,,,
1209.jpg,1,,,
1210.jpg,0,,,
1211.jpg,0,,,
1212.jpg,3,,,
1213.jpg,3,,,
1214.jpg,3,,,
1215.jpg,3,,,
1216.jpg,1,,,
1217.jpg,3,,,
1218.jpg,1,,,
1219.jpg,0,,,
1220.jpg,0,,,
1221.jpg,0,,,
1222.jpg,0,,,
1223.jpg,3,,,
1224.jpg,3,,,
1225.jpg,3,,,
1226.jpg,1,,,
1227.jpg,0,,,
1228.jpg,3,,,
1229.jpg,0,,,
1230.jpg,3,,,
1231.jpg,3,,,
1232.jpg,3,,,
1233.jpg,3,,,
1234.jpg,3,,,
1235.jpg,3,,,
1236.jpg,3,,,
1237.jpg,1,,,
1238.jpg,1,,,
1239.jpg,1,,,
1240.jpg,1,,,
1241.jpg,1,,,
1242.jpg,1,,,
1243.jpg,3,,,
1244.jpg,3,,,
1245.jpg,3,,,
1246.jpg,3,,,
1247.jpg,3,,,
1248.jpg,1,,,
1249.jpg,0,,,
1250.jpg,3,,,
1251.jpg,3,,,
1252.jpg,3,,,
1253.jpg,3,,,
1254.jpg,3,,,
1255.jpg,3,,,
1256.jpg,1,,,
1257.jpg,1,,,
1258.jpg,3,,,
1259.jpg,1,,,
1260.jpg,3,,,
1261.jpg,0,,,
1262.jpg,0,,,
1263.jpg,3,,,
1264.jpg,3,,,
1265.jpg,3,,,
1266.jpg,3,,,
1267.jpg,3,,,
1268.jpg,3,,,
1269.jpg,3,,,
1270.jpg,3,,,
1271.jpg,3,,,
1272.jpg,3,,,
1273.jpg,3,,,
1274.jpg,3,,,
1275.jpg,3,,,
1276.jpg,1,,,
1277.jpg,3,,,
1278.jpg,3,,,
1279.jpg,3,,,
1280.jpg,3,,,
1281.jpg,3,,,
1282.jpg,3,,,
1283.jpg,3,,,
1284.jpg,1,,,
1285.jpg,3,,,
1286.jpg,3,,,
1287.jpg,3,,,
1288.jpg,3,,,
1289.jpg,3,,,
1290.jpg,3,,,
1291.jpg,3,,,
1292.jpg,1,,,
1293.jpg,3,,,
1294.jpg,3,,,
1295.jpg,3,,,
1296.jpg,3,,,
1297.jpg,3,,,
1298.jpg,3,,,
1299.jpg,3,,,
1300.jpg,3,,,
1301.jpg,3,,,
1302.jpg,3,,,
1303.jpg,1,,,
1304.jpg,3,,,
1305.jpg,3,,,
1306.jpg,3,,,
1307.jpg,3,,,
1308.jpg,3,,,
1309.jpg,0,,,
1310.jpg,0,,,
1311.jpg,3,,,
1312.jpg,3,,,
1313.jpg,0,,,
1314.jpg,3,,,
1315.jpg,3,,,
1316.jpg,1,,,
1317.jpg,3,,,
1318.jpg,3,,,
1319.jpg,1,,,
1320.jpg,1,,,
1321.jpg,1,,,
1322.jpg,1,,,
1323.jpg,3,,,
1324.jpg,3,,,
1325.jpg,3,,,
1326.jpg,1,,,
1327.jpg,3,,,
1328.jpg,3,,,
1329.jpg,3,,,
1330.jpg,0,,,
1331.jpg,0,,,
1332.jpg,0,,,
1333.jpg,3,,,
1334.jpg,1,,,
1335.jpg,1,,,
1336.jpg,1,,,
1337.jpg,1,,,
1338.jpg,1,,,
1339.jpg,1,,,
1340.jpg,1,,,
1341.jpg,1,,,
1342.jpg,1,,,
1343.jpg,1,,,
1344.jpg,1,,,
1345.jpg,1,,,
1346.jpg,1,,,
1347.jpg,1,,,
1348.jpg,1,,,
1349.jpg,3,,,
1350.jpg,3,,,
1351.jpg,3,,,
1352.jpg,3,,,
1353.jpg,3,,,
1354.jpg,3,,,
1355.jpg,3,,,
1356.jpg,3,,,
1357.jpg,3,,,
1358.jpg,3,,,
1359.jpg,3,,,
1360.jpg,3,,,
1361.jpg,3,,,
1362.jpg,3,,,
1363.jpg,3,,,
1364.jpg,3,,,
1365.jpg,3,,,
1366.jpg,3,,,
1367.jpg,1,,,
1368.jpg,0,,,
1369.jpg,0,,,
1370.jpg,3,,,
1371.jpg,3,,,
1372.jpg,3,,,
1373.jpg,0,,,
1374.jpg,0,,,
1375.jpg,3,,,
1376.jpg,3,,,
1377.jpg,3,,,
1378.jpg,3,,,
1379.jpg,1,,,
1380.jpg,3,,,
1381.jpg,1,,,
1382.jpg,3,,,
1383.jpg,1,,,
1384.jpg,3,,,
1385.jpg,3,,,
1386.jpg,0,,,
1387.jpg,0,,,
1388.jpg,3,,,
1389.jpg,3,,,
1390.jpg,3,,,
1391.jpg,3,,,
1392.jpg,3,,,
1393.jpg,3,,,
1394.jpg,1,,,
1395.jpg,3,,,
1396.jpg,3,,,
1397.jpg,3,,,
1398.jpg,3,,,
1399.jpg,3,,,
1400.jpg,3,,,
1401.jpg,1,,,
1402.jpg,1,,,
1403.jpg,1,,,
1404.jpg,3,,,
1405.jpg,3,,,
1406.jpg,3,,,
1407.jpg,3,,,
1408.jpg,3,,,
1409.jpg,3,,,
1410.jpg,3,,,
1411.jpg,3,,,
1412.jpg,3,,,
1413.jpg,3,,,
1414.jpg,1,,,
1415.jpg,0,,,
1416.jpg,0,,,
1417.jpg,3,,,
1418.jpg,3,,,
1419.jpg,3,,,
1420.jpg,1,,,
1421.jpg,1,,,
1422.jpg,3,,,
1423.jpg,3,,,
1424.jpg,3,,,
1425.jpg,3,,,
1426.jpg,3,,,
1427.jpg,3,,,
1428.jpg,3,,,
1429.jpg,0,,,
1430.jpg,0,,,
1431.jpg,3,,,
1432.jpg,1,,,
1433.jpg,3,,,
1434.jpg,3,,,
1435.jpg,3,,,
1436.jpg,3,,,
1437.jpg,3,,,
1438.jpg,0,,,
1439.jpg,0,,,
1440.jpg,6,,,
1441.jpg,0,,,
1442.jpg,0,,,
1443.jpg,0,,,
1444.jpg,0,,,
1445.jpg,3,,,
1446.jpg,3,,,
1447.jpg,3,,,
1448.jpg,3,,,
1449.jpg,0,,,
1450.jpg,0,,,
1451.jpg,0,,,
1452.jpg,3,,,
1453.jpg,3,,,
1454.jpg,1,,,
1455.jpg,3,,,
1456.jpg,0,,,
1457.jpg,0,,,
1458.jpg,0,,,
1459.jpg,0,,,
1460.jpg,1,,,
1461.jpg,1,,,
1462.jpg,3,,,
1463.jpg,3,,,
1464.jpg,3,,,
1465.jpg,3,,,
1466.jpg,3,,,
1467.jpg,0,,,
1468.jpg,0,,,
1469.jpg,0,,,
1470.jpg,0,,,
1471.jpg,9,,,
1472.jpg,9,,,
1473.jpg,1,,,
1474.jpg,0,,,
1475.jpg,0,,,
1476.jpg,0,,,
1477.jpg,3,,,
1478.jpg,1,,,
1479.jpg,1,,,
1480.jpg,1,,,
1481.jpg,1,,,
1482.jpg,1,,,
1483.jpg,0,,,
1484.jpg,1,,,
1485.jpg,9,,,
1486.jpg,1,,,
1487.jpg,3,,,
1488.jpg,3,,,
1489.jpg,4,,,
1490.jpg,3,,,
1491.jpg,3,,,
1492.jpg,1,,,
1493.jpg,3,,,
1494.jpg,3,,,
1495.jpg,0,,,
1496.jpg,1,,,
1497.jpg,1,,,
1498.jpg,3,,,
1499.jpg,3,,,
1500.jpg,3,,,
1501.jpg,3,,,
1502.jpg,1,,,
1503.jpg,1,,,
1504.jpg,0,,,
1505.jpg,6,,,
1506.jpg,6,,,
1507.jpg,6,,,
1508.jpg,6,,,
1509.jpg,1,,,
1510.jpg,3,,,
1511.jpg,3,,,
1512.jpg,1,,,
1513.jpg,3,,,
1514.jpg,3,,,
1515.jpg,0,,,
1516.jpg,0,,,
1517.jpg,1,,,
1518.jpg,1,,,
1519.jpg,0,,,
1520.jpg,0,,,
1521.jpg,0,,,
1522.jpg,1,,,
1523.jpg,3,,,
1524.jpg,3,,,
1525.jpg,1,,,
1526.jpg,1,,,
1527.jpg,1,,,
1528.jpg,3,,,
1529.jpg,0,,,
1530.jpg,3,,,
1531.jpg,0,,,
1532.jpg,0,,,
1533.jpg,3,,,
1534.jpg,3,,,
1535.jpg,0,,,
1536.jpg,3,,,
1537.jpg,3,,,
1538.jpg,3,,,
1539.jpg,3,,,
1540.jpg,3,,,
1541.jpg,3,,,
1542.jpg,3,,,
1543.jpg,3,,,
1544.jpg,3,,,
1545.jpg,3,,,
1546.jpg,3,,,
1547.jpg,3,,,
1548.jpg,3,,,
1549.jpg,0,,,
1550.jpg,0,,,
1551.jpg,1,,,
1552.jpg,3,,,
1553.jpg,3,,,
1554.jpg,3,,,
1555.jpg,0,,,
1556.jpg,3,,,
1557.jpg,3,,,
1558.jpg,3,,,
1559.jpg,3,,,
1560.jpg,3,,,
1561.jpg,3,,,
1562.jpg,3,,,
1563.jpg,1,,,
1564.jpg,3,,,
1565.jpg,3,,,
1566.jpg,3,,,
1567.jpg,3,,,
1568.jpg,1,,,
1569.jpg,3,,,
1570.jpg,3,,,
1571.jpg,0,,,
1572.jpg,0,,,
1573.jpg,3,,,
1574.jpg,1,,,
1575.jpg,3,,,
1576.jpg,3,,,
1577.jpg,3,,,
1578.jpg,3,,,
1579.jpg,3,,,
1580.jpg,3,,,
1581.jpg,3,,,
1582.jpg,3,,,
1583.jpg,0,,,
1584.jpg,0,,,
1585.jpg,1,,,
1586.jpg,1,,,
1587.jpg,3,,,
1588.jpg,3,,,
1589.jpg,3,,,
1590.jpg,0,,,
1591.jpg,0,,,
1592.jpg,0,,,
1593.jpg,3,,,
1594.jpg,3,,,
1595.jpg,3,,,
1596.jpg,3,,,
1597.jpg,3,,,
1598.jpg,3,,,
1599.jpg,3,,,
1600.jpg,0,,,
1601.jpg,1,,,
1602.jpg,0,,,
1603.jpg,0,,,
1604.jpg,0,,,
1605.jpg,3,,,
1606.jpg,3,,,
1607.jpg,3,,,
1608.jpg,0,,,
1609.jpg,0,,,
1610.jpg,0,,,
1611.jpg,0,,,
1612.jpg,3,,,
1613.jpg,3,,,
1614.jpg,3,,,
1615.jpg,3,,,
1616.jpg,1,,,
1617.jpg,3,,,
1618.jpg,1,,,
1619.jpg,3,,,
1620.jpg,3,,,
1621.jpg,1,,,
1622.jpg,3,,,
1623.jpg,3,,,
1624.jpg,3,,,
1625.jpg,1,,,
1626.jpg,3,,,
1627.jpg,3,,,
1628.jpg,0,,,
1629.jpg,0,,,
1630.jpg,0,,,
1631.jpg,0,,,
1632.jpg,0,,,
1633.jpg,0,,,
1634.jpg,0,,,
1635.jpg,1,,,
1636.jpg,1,,,
1637.jpg,1,,,
1638.jpg,1,,,
1639.jpg,1,,,
1640.jpg,3,,,
1641.jpg,1,,,
1642.jpg,1,,,
1643.jpg,1,,,
1644.jpg,3,,,
1645.jpg,3,,,
1646.jpg,1,,,
1647.jpg,0,,,
1648.jpg,1,,,
1649.jpg,1,,,
1650.jpg,1,,,
1651.jpg,3,,,
1652.jpg,3,,,
1653.jpg,1,,,
1654.jpg,1,,,
1655.jpg,1,,,
1656.jpg,3,,,
1657.jpg,3,,,
1658.jpg,0,,,
1659.jpg,0,,,
1660.jpg,0,,,
1661.jpg,1,,,
1662.jpg,1,,,
1663.jpg,1,,,
1664.jpg,1,,,
1665.jpg,1,,,
1666.jpg,1,,,
1667.jpg,1,,,
1668.jpg,1,,,
1669.jpg,0,,,
1670.jpg,0,,,
1671.jpg,0,,,
1672.jpg,0,,,
1673.jpg,0,,,
1674.jpg,0,,,
1675.jpg,0,,,
1676.jpg,1,,,
1677.jpg,3,,,
1678.jpg,3,,,
1679.jpg,3,,,
1680.jpg,3,,,
1681.jpg,3,,,
1682.jpg,3,,,
1683.jpg,3,,,
1684.jpg,3,,,
1685.jpg,3,,,
1686.jpg,3,,,
1687.jpg,3,,,
1688.jpg,3,,,
1689.jpg,3,,,
1690.jpg,3,,,
1691.jpg,3,,,
1692.jpg,3,,,
1693.jpg,3,,,
1694.jpg,3,,,
1695.jpg,3,,,
1696.jpg,3,,,
1697.jpg,3,,,
1698.jpg,3,,,
1699.jpg,3,,,
1700.jpg,3,,,
1701.jpg,3,,,
1702.jpg,3,,,
1703.jpg,3,,,
1704.jpg,3,,,
1705.jpg,3,,,
1706.jpg,3,,,
1707.jpg,3,,,
1708.jpg,3,,,
1709.jpg,3,,,
1710.jpg,3,,,
1711.jpg,3,,,
1712.jpg,3,,,
1713.jpg,3,,,
1714.jpg,3,,,
1715.jpg,3,,,
1716.jpg,3,,,
1717.jpg,3,,,
1718.jpg,3,,,
1719.jpg,3,,,
1720.jpg,3,,,
1721.jpg,3,,,
1722.jpg,3,,,
1723.jpg,3,,,
1724.jpg,3,,,
1725.jpg,3,,,
1726.jpg,3,,,
1727.jpg,3,,,
1728.jpg,3,,,
1729.jpg,3,,,
1730.jpg,3,,,
1731.jpg,3,,,
1732.jpg,3,,,
1733.jpg,3,,,
1734.jpg,3,,,
1735.jpg,3,,,
1736.jpg,3,,,
1737.jpg,3,,,
1738.jpg,3,,,
1739.jpg,0,,,
1740.jpg,3,,,
1741.jpg,3,,,
1742.jpg,3,,,
1743.jpg,3,,,
1744.jpg,1,,,
1745.jpg,8,,,
1746.jpg,3,,,
1747.jpg,3,,,
1748.jpg,3,,,
1749.jpg,3,,,
1750.jpg,3,,,
1751.jpg,3,,,
1752.jpg,3,,,
1753.jpg,0,,,
1754.jpg,3,,,
1755.jpg,0,,,
1756.jpg,0,,,
1757.jpg,1,,,
1758.jpg,1,,,
1759.jpg,3,,,
1760.jpg,3,,,
1761.jpg,3,,,
1762.jpg,3,,,
1763.jpg,1,,,
1764.jpg,3,,,
1765.jpg,3,,,
1766.jpg,3,,,
1767.jpg,0,,,
1768.jpg,0,,,
1769.jpg,3,,,
1770.jpg,3,,,
1771.jpg,3,,,
1772.jpg,3,,,
1773.jpg,3,,,
1774.jpg,3,,,
1775.jpg,3,,,
1776.jpg,3,,,
1777.jpg,3,,,
1778.jpg,3,,,
1779.jpg,3,,,
1780.jpg,1,,,
1781.jpg,3,,,
1782.jpg,1,,,
1783.jpg,1,,,
1784.jpg,1,,,
1785.jpg,3,,,
1786.jpg,3,,,
1787.jpg,3,,,
1788.jpg,0,,,
1789.jpg,3,,,
1790.jpg,3,,,
1791.jpg,3,,,
1792.jpg,3,,,
1793.jpg,3,,,
1794.jpg,3,,,
1795.jpg,1,,,
1796.jpg,1,,,
1797.jpg,1,,,
1798.jpg,1,,,
1799.jpg,3,,,
1800.jpg,3,,,
1801.jpg,0,,,
1802.jpg,1,,,
1803.jpg,1,,,
1804.jpg,1,,,
1805.jpg,1,,,
1806.jpg,1,,,
1807.jpg,1,,,
1808.jpg,1,,,
1809.jpg,3,,,
1810.jpg,3,,,
1811.jpg,1,,,
1812.jpg,3,,,
1813.jpg,0,,,
1814.jpg,0,,,
1815.jpg,0,,,
1816.jpg,1,,,
1817.jpg,0,,,
1818.jpg,0,,,
1819.jpg,0,,,
1820.jpg,0,,,
1821.jpg,0,,,
1822.jpg,0,,,
1823.jpg,0,,,
1824.jpg,0,,,
1825.jpg,0,,,
1826.jpg,0,,,
1827.jpg,0,,,
1828.jpg,1,,,
1829.jpg,3,,,
1830.jpg,1,,,
1831.jpg,0,,,
1832.jpg,0,,,
1833.jpg,0,,,
1834.jpg,0,,,
1835.jpg,1,,,
1836.jpg,1,,,
1837.jpg,3,,,
1838.jpg,1,,,
1839.jpg,3,,,
1840.jpg,3,,,
1841.jpg,1,,,
1842.jpg,0,,,
1843.jpg,1,,,
1844.jpg,0,,,
1845.jpg,1,,,
1846.jpg,1,,,
1847.jpg,0,,,
1848.jpg,1,,,
1849.jpg,1,,,
1850.jpg,1,,,
1851.jpg,1,,,
1852.jpg,1,,,
1853.jpg,1,,,
1854.jpg,3,,,
1855.jpg,3,,,
1856.jpg,1,,,
1857.jpg,1,,,
1858.jpg,3,,,
1859.jpg,1,,,
1860.jpg,3,,,
1861.jpg,3,,,
1862.jpg,3,,,
1863.jpg,1,,,
1864.jpg,3,,,
1865.jpg,1,,,
1866.jpg,3,,,
1867.jpg,1,,,
1868.jpg,0,,,
1869.jpg,3,,,
1870.jpg,3,,,
1871.jpg,0,,,
1872.jpg,3,,,
1873.jpg,3,,,
1874.jpg,3,,,
1875.jpg,3,,,
1876.jpg,1,,,
1877.jpg,3,,,
1878.jpg,3,,,
1879.jpg,3,,,
1880.jpg,0,,,
1881.jpg,0,,,
1882.jpg,0,,,
1883.jpg,3,,,
1884.jpg,0,,,
1885.jpg,0,,,
1886.jpg,0,,,
1887.jpg,0,,,
1888.jpg,1,,,
1889.jpg,1,,,
1890.jpg,1,,,
1891.jpg,3,,,
1892.jpg,3,,,
1893.jpg,6,,,
1894.jpg,3,,,
1895.jpg,3,,,
1896.jpg,3,,,
1897.jpg,3,,,
1898.jpg,3,,,
1899.jpg,3,,,
1900.jpg,3,,,
1901.jpg,3,,,
1902.jpg,1,,,
1903.jpg,1,,,
1904.jpg,3,,,
1905.jpg,3,,,
1906.jpg,3,,,
1907.jpg,1,,,
1908.jpg,3,,,
1909.jpg,1,,,
1910.jpg,1,,,
1911.jpg,1,,,
1912.jpg,1,,,
1913.jpg,3,,,
1914.jpg,3,,,
1915.jpg,3,,,
1916.jpg,1,,,
1917.jpg,1,,,
1918.jpg,1,,,
1919.jpg,3,,,
1920.jpg,3,,,
1921.jpg,3,,,
1922.jpg,3,,,
1923.jpg,3,,,
1924.jpg,3,,,
1925.jpg,0,,,
1926.jpg,0,,,
1927.jpg,0,,,
1928.jpg,1,,,
1929.jpg,1,,,
1930.jpg,1,,,
1931.jpg,1,,,
1932.jpg,3,,,
1933.jpg,3,,,
1934.jpg,9,,,
1935.jpg,0,,,
1936.jpg,3,,,
1937.jpg,3,,,
1938.jpg,3,,,
1939.jpg,3,,,
1940.jpg,1,,,
1941.jpg,1,,,
1942.jpg,1,,,
1943.jpg,1,,,
1944.jpg,3,,,
1945.jpg,3,,,
1946.jpg,3,,,
1947.jpg,3,,,
1948.jpg,3,,,
1949.jpg,1,,,
1950.jpg,1,,,
1951.jpg,3,,,
1952.jpg,3,,,
1953.jpg,3,,,
1954.jpg,3,,,
1955.jpg,3,,,
1956.jpg,3,,,
1957.jpg,3,,,
1958.jpg,3,,,
1959.jpg,3,,,
1960.jpg,3,,,
1961.jpg,3,,,
1962.jpg,3,,,
1963.jpg,3,,,
1964.jpg,3,,,
1965.jpg,3,,,
1966.jpg,3,,,
1967.jpg,3,,,
1968.jpg,3,,,
1969.jpg,3,,,
1970.jpg,1,,,
1971.jpg,1,,,
1972.jpg,1,,,
1973.jpg,1,,,
1974.jpg,1,,,
1975.jpg,1,,,
1976.jpg,1,,,
1977.jpg,1,,,
1978.jpg,3,,,
1979.jpg,1,,,
1980.jpg,3,,,
1981.jpg,3,,,
1982.jpg,3,,,
1983.jpg,3,,,
1984.jpg,3,,,
1985.jpg,3,,,
1986.jpg,3,,,
1987.jpg,3,,,
1988.jpg,1,,,
1989.jpg,1,,,
1990.jpg,1,,,
1991.jpg,1,,,
1992.jpg,1,,,
1993.jpg,1,,,
1994.jpg,1,,,
1995.jpg,3,,,
1996.jpg,3,,,
1997.jpg,3,,,
1998.jpg,3,,,
1999.jpg,3,,,
2000.jpg,3,,,
2001.jpg,3,,,
2002.jpg,3,,,
2003.jpg,1,,,
2004.jpg,3,,,
2005.jpg,3,,,
2006.jpg,0,,,
2007.jpg,3,,,
2008.jpg,3,,,
2009.jpg,3,,,
2010.jpg,3,,,
2011.jpg,3,,,
2012.jpg,3,,,
2013.jpg,3,,,
2014.jpg,3,,,
2015.jpg,3,,,
2016.jpg,3,,,
2017.jpg,3,,,
2018.jpg,3,,,
2019.jpg,3,,,
2020.jpg,3,,,
2021.jpg,3,,,
2022.jpg,3,,,
2023.jpg,3,,,
2024.jpg,3,,,
2025.jpg,3,,,
2026.jpg,3,,,
2027.jpg,3,,,
2028.jpg,3,,,
2029.jpg,3,,,
2030.jpg,3,,,
2031.jpg,3,,,
2032.jpg,3,,,
2033.jpg,3,,,
2034.jpg,1,,,
2035.jpg,1,,,
2036.jpg,3,,,
2037.jpg,3,,,
2038.jpg,3,,,
2039.jpg,3,,,
2040.jpg,3,,,
2041.jpg,3,,,
2042.jpg,3,,,
2043.jpg,3,,,
2044.jpg,3,,,
2045.jpg,3,,,
2046.jpg,3,,,
2047.jpg,3,,,
2048.jpg,3,,,
2049.jpg,3,,,
2050.jpg,3,,,
2051.jpg,3,,,
2052.jpg,1,,,
2053.jpg,1,,,
2054.jpg,3,,,
2055.jpg,1,,,
2056.jpg,1,,,
2057.jpg,3,,,
2058.jpg,3,,,
2059.jpg,0,,,
2060.jpg,0,,,
2061.jpg,0,,,
2062.jpg,0,,,
2063.jpg,0,,,
2064.jpg,0,,,
2065.jpg,0,,,
2066.jpg,0,,,
2067.jpg,0,,,
2068.jpg,0,,,
2069.jpg,0,,,
2070.jpg,0,,,
2071.jpg,0,,,
2072.jpg,0,,,
2073.jpg,0,,,
2074.jpg,0,,,
2075.jpg,0,,,
2076.jpg,0,,,
2077.jpg,0,,,
2078.jpg,0,,,
2079.jpg,0,,,
2080.jpg,0,,,
2081.jpg,0,,,
2082.jpg,3,,,
2083.jpg,3,,,
2084.jpg,3,,,
2085.jpg,1,,,
2086.jpg,3,,,
2087.jpg,3,,,
2088.jpg,1,,,
2089.jpg,1,,,
2090.jpg,1,,,
2091.jpg,1,,,
2092.jpg,1,,,
2093.jpg,1,,,
2094.jpg,1,,,
2095.jpg,1,,,
2096.jpg,1,,,
2097.jpg,1,,,
2098.jpg,1,,,
2099.jpg,1,,,
2100.jpg,3,,,
2101.jpg,3,,,
2102.jpg,3,,,
2103.jpg,1,,,
2104.jpg,3,,,
2105.jpg,3,,,
2106.jpg,1,,,
2107.jpg,1,,,
2108.jpg,3,,,
2109.jpg,3,,,
2110.jpg,3,,,
2111.jpg,3,,,
2112.jpg,3,,,
2113.jpg,3,,,
2114.jpg,1,,,
2115.jpg,2,,,
2116.jpg,1,,,
2117.jpg,1,,,
2118.jpg,3,,,
2119.jpg,3,,,
2120.jpg,1,,,
2121.jpg,3,,,
2122.jpg,3,,,
2123.jpg,3,,,
2124.jpg,3,,,
2125.jpg,3,,,
2126.jpg,3,,,
2127.jpg,3,,,
2128.jpg,3,,,
2129.jpg,3,,,
2130.jpg,3,,,
2131.jpg,3,,,
2132.jpg,3,,,
2133.jpg,3,,,
2134.jpg,1,,,
2135.jpg,3,,,
2136.jpg,3,,,
2137.jpg,3,,,
2138.jpg,1,,,
2139.jpg,3,,,
2140.jpg,0,,,
2141.jpg,1,,,
2142.jpg,3,,,
2143.jpg,0,,,
2144.jpg,1,,,
2145.jpg,3,,,
2146.jpg,0,,,
2147.jpg,3,,,
2148.jpg,3,,,
2149.jpg,3,,,
2150.jpg,3,,,
2151.jpg,1,,,
2152.jpg,1,,,
2153.jpg,3,,,
2154.jpg,3,,,
2155.jpg,3,,,
2156.jpg,1,,,
2157.jpg,1,,,
2158.jpg,1,,,
2159.jpg,1,,,
2160.jpg,3,,,
2161.jpg,1,,,
2162.jpg,1,,,
2163.jpg,3,,,
2164.jpg,1,,,
2165.jpg,1,,,
2166.jpg,3,,,
2167.jpg,3,,,
2168.jpg,1,,,
2169.jpg,6,,,
2170.jpg,3,,,
2171.jpg,0,,,
2172.jpg,0,,,
2173.jpg,0,,,
2174.jpg,0,,,
2175.jpg,0,,,
2176.jpg,0,,,
2177.jpg,3,,,
2178.jpg,3,,,
2179.jpg,3,,,
2180.jpg,3,,,
2181.jpg,3,,,
2182.jpg,3,,,
2183.jpg,1,,,
2184.jpg,1,,,
2185.jpg,3,,,
2186.jpg,1,,,
2187.jpg,3,,,
2188.jpg,3,,,
2189.jpg,3,,,
2190.jpg,3,,,
2191.jpg,3,,,
2192.jpg,1,,,
2193.jpg,1,,,
2194.jpg,1,,,
2195.jpg,1,,,
2196.jpg,3,,,
2197.jpg,3,,,
2198.jpg,1,,,
2199.jpg,4,,,
2200.jpg,4,,,
2201.jpg,3,,,
2202.jpg,1,,,
2203.jpg,1,,,
2204.jpg,1,,,
2205.jpg,1,,,
2206.jpg,1,,,
2207.jpg,1,,,
2208.jpg,1,,,
2209.jpg,1,,,
2210.jpg,1,,,
2211.jpg,0,,,
2212.jpg,3,,,
2213.jpg,1,,,
2214.jpg,1,,,
2215.jpg,1,,,
2216.jpg,1,,,
2217.jpg,1,,,
2218.jpg,1,,,
2219.jpg,1,,,
2220.jpg,1,,,
2221.jpg,3,,,
2222.jpg,3,,,
2223.jpg,3,,,
2224.jpg,3,,,
2225.jpg,3,,,
2226.jpg,1,,,
2227.jpg,3,,,
2228.jpg,3,,,
2229.jpg,1,,,
2230.jpg,1,,,
2231.jpg,3,,,
2232.jpg,1,,,
2233.jpg,1,,,
2234.jpg,3,,,
2235.jpg,3,,,
2236.jpg,3,,,
2237.jpg,3,,,
2238.jpg,3,,,
2239.jpg,1,,,
2240.jpg,1,,,
2241.jpg,3,,,
2242.jpg,0,,,
2243.jpg,3,,,
2244.jpg,3,,,
2245.jpg,3,,,
2246.jpg,3,,,
2247.jpg,1,,,
2248.jpg,3,,,
2249.jpg,1,,,
2250.jpg,1,,,
2251.jpg,1,,,
2252.jpg,1,,,
2253.jpg,1,,,
2254.jpg,1,,,
2255.jpg,1,,,
2256.jpg,1,,,
2257.jpg,3,,,
2258.jpg,3,,,
2259.jpg,0,,,
2260.jpg,9,,,
2261.jpg,3,,,
2262.jpg,3,,,
2263.jpg,1,,,
2264.jpg,1,,,
2265.jpg,1,,,
2266.jpg,1,,,
2267.jpg,1,,,
2268.jpg,1,,,
2269.jpg,1,,,
2270.jpg,3,,,
2271.jpg,3,,,
2272.jpg,0,,,
2273.jpg,0,,,
2274.jpg,1,,,
2275.jpg,3,,,
2276.jpg,3,,,
2277.jpg,1,,,
2278.jpg,1,,,
2279.jpg,3,,,
2280.jpg,1,,,
2281.jpg,3,,,
2282.jpg,0,,,
2283.jpg,0,,,
2284.jpg,0,,,
2285.jpg,0,,,
2286.jpg,0,,,
2287.jpg,3,,,
2288.jpg,3,,,
2289.jpg,1,,,
2290.jpg,1,,,
2291.jpg,3,,,
2292.jpg,1,,,
2293.jpg,3,,,
2294.jpg,3,,,
2295.jpg,1,,,
2296.jpg,3,,,
2297.jpg,3,,,
2298.jpg,3,,,
2299.jpg,1,,,
2300.jpg,9,,,
2301.jpg,3,,,
2302.jpg,1,,,
2303.jpg,1,,,
2304.jpg,3,,,
2305.jpg,3,,,
2306.jpg,3,,,
2307.jpg,1,,,
2308.jpg,1,,,
2309.jpg,1,,,
2310.jpg,1,,,
2311.jpg,1,,,
2312.jpg,1,,,
2313.jpg,1,,,
2314.jpg,0,,,
2315.jpg,3,,,
2316.jpg,1,,,
2317.jpg,3,,,
2318.jpg,3,,,
2319.jpg,6,,,
2320.jpg,3,,,
2321.jpg,3,,,
2322.jpg,3,,,
2323.jpg,3,,,
2324.jpg,1,,,
2325.jpg,1,,,
2326.jpg,1,,,
2327.jpg,3,,,
2328.jpg,1,,,
2329.jpg,3,,,
2330.jpg,3,,,
2331.jpg,3,,,
2332.jpg,0,,,
2333.jpg,0,,,
2334.jpg,1,,,
2335.jpg,1,,,
2336.jpg,1,,,
2337.jpg,3,,,
2338.jpg,3,,,
2339.jpg,3,,,
2340.jpg,3,,,
2341.jpg,3,,,
2342.jpg,0,,,
2343.jpg,3,,,
2344.jpg,3,,,
2345.jpg,3,,,
2346.jpg,3,,,
2347.jpg,3,,,
2348.jpg,3,,,
2349.jpg,3,,,
2350.jpg,6,,,
2351.jpg,6,,,
2352.jpg,6,,,
2353.jpg,3,,,
2354.jpg,1,,,
2355.jpg,1,,,
2356.jpg,1,,,
2357.jpg,1,,,
2358.jpg,0,,,
2359.jpg,0,,,
2360.jpg,0,,,
2361.jpg,3,,,
2362.jpg,3,,,
2363.jpg,3,,,
2364.jpg,1,,,
2365.jpg,1,,,
2366.jpg,1,,,
2367.jpg,1,,,
2368.jpg,1,,,
2369.jpg,1,,,
2370.jpg,1,,,
2371.jpg,1,,,
2372.jpg,1,,,
2373.jpg,1,,,
2374.jpg,1,,,
2375.jpg,1,,,
2376.jpg,1,,,
2377.jpg,3,,,
2378.jpg,3,,,
2379.jpg,3,,,
2380.jpg,3,,,
2381.jpg,3,,,
2382.jpg,3,,,
2383.jpg,3,,,
2384.jpg,0,,,
2385.jpg,0,,,
2386.jpg,0,,,
2387.jpg,1,,,
2388.jpg,1,,,
2389.jpg,3,,,
2390.jpg,0,,,
2391.jpg,3,,,
2392.jpg,3,,,
2393.jpg,3,,,
2394.jpg,0,,,
2395.jpg,3,,,
2396.jpg,3,,,
2397.jpg,3,,,
2398.jpg,3,,,
2399.jpg,3,,,
2400.jpg,3,,,
2401.jpg,3,,,
2402.jpg,3,,,
2403.jpg,3,,,
2404.jpg,3,,,
2405.jpg,3,,,
2406.jpg,3,,,
2407.jpg,3,,,
2408.jpg,0,,,
2409.jpg,3,,,
2410.jpg,1,,,
2411.jpg,0,,,
2412.jpg,1,,,
2413.jpg,3,,,
2414.jpg,1,,,
2415.jpg,3,,,
2416.jpg,3,,,
2417.jpg,3,,,
2418.jpg,3,,,
2419.jpg,3,,,
2420.jpg,3,,,
2421.jpg,0,,,
2422.jpg,3,,,
2423.jpg,3,,,
2424.jpg,6,,,
2425.jpg,3,,,
2426.jpg,3,,,
2427.jpg,3,,,
2428.jpg,3,,,
2429.jpg,10,,,
2430.jpg,1,,,
2431.jpg,1,,,
2432.jpg,1,,,
2433.jpg,1,,,
2434.jpg,3,,,
2435.jpg,1,,,
2436.jpg,3,,,
2437.jpg,3,,,
2438.jpg,3,,,
2439.jpg,3,,,
2440.jpg,1,,,
2441.jpg,3,,,
2442.jpg,3,,,
2443.jpg,3,,,
2444.jpg,3,,,
2445.jpg,3,,,
2446.jpg,3,,,
2447.jpg,3,,,
2448.jpg,1,,,
2449.jpg,1,,,
2450.jpg,1,,,
2451.jpg,1,,,
2452.jpg,0,,,
2453.jpg,3,,,
2454.jpg,3,,,
2455.jpg,9,,,
2456.jpg,3,,,
2457.jpg,3,,,
2458.jpg,1,,,
2459.jpg,1,,,
2460.jpg,1,,,
2461.jpg,11,,,
2462.jpg,11,,,
2463.jpg,1,,,
2464.jpg,0,,,
2465.jpg,0,,,
2466.jpg,0,,,
2467.jpg,3,,,
2468.jpg,3,,,
2469.jpg,3,,,
2470.jpg,3,,,
2471.jpg,1,,,
2472.jpg,1,,,
2473.jpg,1,,,
2474.jpg,1,,,
2475.jpg,3,,,
2476.jpg,3,,,
2477.jpg,1,,,
2478.jpg,3,,,
2479.jpg,1,,,
2480.jpg,3,,,
2481.jpg,3,,,
2482.jpg,1,,,
2483.jpg,1,,,
2484.jpg,3,,,
2485.jpg,3,,,
2486.jpg,1,,,
2487.jpg,0,,,
2488.jpg,1,,,
2489.jpg,0,,,
2490.jpg,3,,,
2491.jpg,0,,,
2492.jpg,0,,,
2493.jpg,0,,,
2494.jpg,0,,,
2495.jpg,1,,,
2496.jpg,6,,,
2497.jpg,6,,,
2498.jpg,6,,,
2499.jpg,3,,,
2500.jpg,1,,,
2501.jpg,3,,,
2502.jpg,3,,,
2503.jpg,0,,,
2504.jpg,1,,,
2505.jpg,1,,,
2506.jpg,1,,,
2507.jpg,1,,,
2508.jpg,1,,,
2509.jpg,1,,,
2510.jpg,3,,,
2511.jpg,3,,,
2512.jpg,3,,,
2513.jpg,3,,,
2514.jpg,3,,,
2515.jpg,3,,,
2516.jpg,0,,,
2517.jpg,3,,,
2518.jpg,3,,,
2519.jpg,3,,,
2520.jpg,3,,,
2521.jpg,3,,,
2522.jpg,3,,,
2523.jpg,3,,,
2524.jpg,1,,,
2525.jpg,1,,,
2526.jpg,0,,,
2527.jpg,0,,,
2528.jpg,1,,,
2529.jpg,0,,,
2530.jpg,3,,,
2531.jpg,3,,,
2532.jpg,3,,,
2533.jpg,3,,,
2534.jpg,3,,,
2535.jpg,3,,,
2536.jpg,3,,,
2537.jpg,1,,,
2538.jpg,3,,,
2539.jpg,3,,,
2540.jpg,3,,,
2541.jpg,3,,,
2542.jpg,1,,,
2543.jpg,1,,,
2544.jpg,1,,,
2545.jpg,0,,,
2546.jpg,1,,,
2547.jpg,1,,,
2548.jpg,3,,,
2549.jpg,3,,,
2550.jpg,3,,,
2551.jpg,3,,,
2552.jpg,3,,,
2553.jpg,3,,,
2554.jpg,1,,,
2555.jpg,1,,,
2556.jpg,1,,,
2557.jpg,1,,,
2558.jpg,1,,,
2559.jpg,1,,,
2560.jpg,1,,,
2561.jpg,0,,,
2562.jpg,0,,,
2563.jpg,0,,,
2564.jpg,3,,,
2565.jpg,0,,,
2566.jpg,1,,,
2567.jpg,1,,,
2568.jpg,1,,,
2569.jpg,1,,,
2570.jpg,5,,,
2571.jpg,1,,,
2572.jpg,3,,,
2573.jpg,1,,,
2574.jpg,1,,,
2575.jpg,3,,,
2576.jpg,4,,,
2577.jpg,1,,,
2578.jpg,9,,,
2579.jpg,9,,,
2580.jpg,9,,,
2581.jpg,3,,,
2582.jpg,3,,,
2583.jpg,3,,,
2584.jpg,3,,,
2585.jpg,0,,,
2586.jpg,0,,,
2587.jpg,1,,,
2588.jpg,1,,,
2589.jpg,3,,,
2590.jpg,1,,,
2591.jpg,1,,,
2592.jpg,3,,,
2593.jpg,3,,,
2594.jpg,3,,,
2595.jpg,3,,,
2596.jpg,1,,,
2597.jpg,1,,,
2598.jpg,3,,,
2599.jpg,3,,,
2600.jpg,3,,,
2601.jpg,1,,,
2602.jpg,3,,,
2603.jpg,3,,,
2604.jpg,1,,,
2605.jpg,0,,,
2606.jpg,3,,,
2607.jpg,3,,,
2608.jpg,1,,,
2609.jpg,3,,,
2610.jpg,1,,,
2611.jpg,1,,,
2612.jpg,1,,,
2613.jpg,1,,,
2614.jpg,3,,,
2615.jpg,3,,,
2616.jpg,1,,,
2617.jpg,3,,,
2618.jpg,3,,,
2619.jpg,1,,,
2620.jpg,1,,,
2621.jpg,1,,,
2622.jpg,0,,,
2623.jpg,1,,,
2624.jpg,1,,,
2625.jpg,3,,,
2626.jpg,3,,,
2627.jpg,3,,,
2628.jpg,1,,,
2629.jpg,1,,,
2630.jpg,3,,,
2631.jpg,3,,,
2632.jpg,3,,,
2633.jpg,3,,,
2634.jpg,3,,,
2635.jpg,3,,,
2636.jpg,0,,,
2637.jpg,1,,,
2638.jpg,0,,,
2639.jpg,0,,,
2640.jpg,3,,,
2641.jpg,3,,,
2642.jpg,3,,,
2643.jpg,1,,,
2644.jpg,1,,,
2645.jpg,3,,,
2646.jpg,3,,,
2647.jpg,3,,,
2648.jpg,3,,,
2649.jpg,3,,,
2650.jpg,1,,,
2651.jpg,3,,,
2652.jpg,0,,,
2653.jpg,0,,,
2654.jpg,0,,,
2655.jpg,1,,,
2656.jpg,3,,,
2657.jpg,1,,,
2658.jpg,3,,,
2659.jpg,1,,,
2660.jpg,1,,,
2661.jpg,1,,,
2662.jpg,1,,,
2663.jpg,1,,,
2664.jpg,1,,,
2665.jpg,3,,,
2666.jpg,3,,,
2667.jpg,3,,,
2668.jpg,3,,,
2669.jpg,3,,,
2670.jpg,3,,,
2671.jpg,3,,,
2672.jpg,3,,,
2673.jpg,3,,,
2674.jpg,1,,,
2675.jpg,1,,,
2676.jpg,1,,,
2677.jpg,3,,,
2678.jpg,1,,,
2679.jpg,1,,,
2680.jpg,1,,,
2681.jpg,1,,,
2682.jpg,3,,,
2683.jpg,3,,,
2684.jpg,3,,,
2685.jpg,3,,,
2686.jpg,1,,,
2687.jpg,1,,,
2688.jpg,1,,,
2689.jpg,1,,,
2690.jpg,3,,,
2691.jpg,3,,,
2692.jpg,3,,,
2693.jpg,1,,,
2694.jpg,1,,,
2695.jpg,1,,,
2696.jpg,1,,,
2697.jpg,1,,,
2698.jpg,1,,,
2699.jpg,1,,,
2700.jpg,1,,,
2701.jpg,1,,,
2702.jpg,3,,,
2703.jpg,0,,,
2704.jpg,1,,,
2705.jpg,3,,,
2706.jpg,3,,,
2707.jpg,3,,,
2708.jpg,3,,,
2709.jpg,1,,,
2710.jpg,1,,,
2711.jpg,1,,,
2712.jpg,3,,,
2713.jpg,3,,,
2714.jpg,3,,,
2715.jpg,1,,,
2716.jpg,1,,,
2717.jpg,3,,,
2718.jpg,1,,,
2719.jpg,3,,,
2720.jpg,1,,,
2721.jpg,3,,,
2722.jpg,1,,,
2723.jpg,1,,,
2724.jpg,1,,,
2725.jpg,3,,,
2726.jpg,3,,,
2727.jpg,3,,,
2728.jpg,1,,,
2729.jpg,1,,,
2730.jpg,3,,,
2731.jpg,1,,,
2732.jpg,1,,,
2733.jpg,3,,,
2734.jpg,0,,,
2735.jpg,0,,,
2736.jpg,3,,,
2737.jpg,3,,,
2738.jpg,3,,,
2739.jpg,3,,,
2740.jpg,3,,,
2741.jpg,3,,,
2742.jpg,3,,,
2743.jpg,1,,,
2744.jpg,1,,,
2745.jpg,3,,,
2746.jpg,1,,,
2747.jpg,1,,,
2748.jpg,0,,,
2749.jpg,0,,,
2750.jpg,0,,,
2751.jpg,3,,,
2752.jpg,3,,,
2753.jpg,0,,,
2754.jpg,0,,,
2755.jpg,3,,,
2756.jpg,0,,,
2757.jpg,3,,,
2758.jpg,3,,,
2759.jpg,1,,,
2760.jpg,1,,,
2761.jpg,8,,,
2762.jpg,8,,,
2763.jpg,1,,,
2764.jpg,1,,,
2765.jpg,1,,,
2766.jpg,1,,,
2767.jpg,3,,,
2768.jpg,1,,,
2769.jpg,1,,,
2770.jpg,1,,,
2771.jpg,1,,,
2772.jpg,3,,,
2773.jpg,3,,,
2774.jpg,1,,,
2775.jpg,3,,,
2776.jpg,3,,,
2777.jpg,3,,,
2778.jpg,1,,,
2779.jpg,1,,,
2780.jpg,3,,,
2781.jpg,3,,,
2782.jpg,3,,,
2783.jpg,3,,,
2784.jpg,0,,,
2785.jpg,0,,,
2786.jpg,1,,,
2787.jpg,0,,,
2788.jpg,0,,,
2789.jpg,3,,,
2790.jpg,3,,,
2791.jpg,3,,,
2792.jpg,0,,,
2793.jpg,3,,,
2794.jpg,3,,,
2795.jpg,3,,,
2796.jpg,3,,,
2797.jpg,1,,,
2798.jpg,3,,,
2799.jpg,3,,,
2800.jpg,1,,,
2801.jpg,1,,,
2802.jpg,1,,,
2803.jpg,0,,,
2804.jpg,3,,,
2805.jpg,0,,,
2806.jpg,1,,,
2807.jpg,3,,,
2808.jpg,3,,,
2809.jpg,1,,,
2810.jpg,3,,,
2811.jpg,3,,,
2812.jpg,3,,,
2813.jpg,1,,,
2814.jpg,1,,,
2815.jpg,1,,,
2816.jpg,3,,,
2817.jpg,3,,,
2818.jpg,3,,,
2819.jpg,3,,,
2820.jpg,3,,,
2821.jpg,3,,,
2822.jpg,3,,,
2823.jpg,3,,,
2824.jpg,3,,,
2825.jpg,0,,,
2826.jpg,1,,,
2827.jpg,0,,,
2828.jpg,0,,,
2829.jpg,1,,,
2830.jpg,1,,,
2831.jpg,1,,,
2832.jpg,3,,,
2833.jpg,3,,,
2834.jpg,1,,,
2835.jpg,3,,,
2836.jpg,3,,,
2837.jpg,0,,,
2838.jpg,0,,,
2839.jpg,0,,,
2840.jpg,0,,,
2841.jpg,8,,,
2842.jpg,1,,,
2843.jpg,1,,,
2844.jpg,3,,,
2845.jpg,3,,,
2846.jpg,3,,,
2847.jpg,3,,,
2848.jpg,3,,,
2849.jpg,3,,,
2850.jpg,3,,,
2851.jpg,3,,,
2852.jpg,3,,,
2853.jpg,3,,,
2854.jpg,3,,,
2855.jpg,3,,,
2856.jpg,1,,,
2857.jpg,3,,,
2858.jpg,3,,,
2859.jpg,3,,,
2860.jpg,3,,,
2861.jpg,3,,,
2862.jpg,3,,,
2863.jpg,3,,,
2864.jpg,12,,,
2865.jpg,3,,,
2866.jpg,1,,,
2867.jpg,3,,,
2868.jpg,3,,,
2869.jpg,3,,,
2870.jpg,3,,,
2871.jpg,3,,,
2872.jpg,1,,,
2873.jpg,3,,,
2874.jpg,1,,,
2875.jpg,3,,,
2876.jpg,0,,,
2877.jpg,0,,,
2878.jpg,1,,,
2879.jpg,1,,,
2880.jpg,1,,,
2881.jpg,1,,,
2882.jpg,0,,,
2883.jpg,1,,,
2884.jpg,3,,,
2885.jpg,3,,,
2886.jpg,3,,,
2887.jpg,1,,,
2888.jpg,1,,,
2889.jpg,1,,,
2890.jpg,3,,,
2891.jpg,3,,,
2892.jpg,1,,,
2893.jpg,1,,,
2894.jpg,1,,,
2895.jpg,1,,,
2896.jpg,1,,,
2897.jpg,1,,,
2898.jpg,3,,,
2899.jpg,3,,,
2900.jpg,3,,,
2901.jpg,3,,,
2902.jpg,3,,,
2903.jpg,3,,,
2904.jpg,3,,,
2905.jpg,3,,,
2906.jpg,3,,,
2907.jpg,3,,,
2908.jpg,3,,,
2909.jpg,3,,,
2910.jpg,3,,,
2911.jpg,3,,,
2912.jpg,3,,,
2913.jpg,3,,,
2914.jpg,0,,,
2915.jpg,1,,,
2916.jpg,1,,,
2917.jpg,3,,,
2918.jpg,3,,,
2919.jpg,3,,,
2920.jpg,3,,,
2921.jpg,3,,,
2922.jpg,3,,,
2923.jpg,3,,,
2924.jpg,3,,,
2925.jpg,3,,,
2926.jpg,3,,,
2927.jpg,1,,,
2928.jpg,1,,,
2929.jpg,1,,,
2930.jpg,1,,,
2931.jpg,1,,,
2932.jpg,3,,,
2933.jpg,6,,,
2934.jpg,3,,,
2935.jpg,1,,,
2936.jpg,1,,,
2937.jpg,3,,,
2938.jpg,0,,,
2939.jpg,1,,,
2940.jpg,1,,,
2941.jpg,1,,,
2942.jpg,1,,,
2943.jpg,0,,,
2944.jpg,0,,,
2945.jpg,1,,,
2946.jpg,1,,,
2947.jpg,1,,,
2948.jpg,1,,,
2949.jpg,3,,,
2950.jpg,1,,,
2951.jpg,3,,,
2952.jpg,3,,,
2953.jpg,3,,,
2954.jpg,1,,,
2955.jpg,3,,,
2956.jpg,1,,,
2957.jpg,3,,,
2958.jpg,3,,,
2959.jpg,1,,,
2960.jpg,1,,,
2961.jpg,1,,,
2962.jpg,1,,,
2963.jpg,3,,,
2964.jpg,1,,,
2965.jpg,3,,,
2966.jpg,1,,,
2967.jpg,0,,,
2968.jpg,1,,,
2969.jpg,1,,,
2970.jpg,1,,,
2971.jpg,3,,,
2972.jpg,1,,,
2973.jpg,3,,,
2974.jpg,0,,,
2975.jpg,0,,,
2976.jpg,3,,,
2977.jpg,0,,,
2978.jpg,3,,,
2979.jpg,1,,,
2980.jpg,3,,,
2981.jpg,3,,,
2982.jpg,3,,,
2983.jpg,3,,,
2984.jpg,0,,,
2985.jpg,3,,,
2986.jpg,3,,,
2987.jpg,3,,,
2988.jpg,0,,,
2989.jpg,0,,,
2990.jpg,6,,,
2991.jpg,3,,,
2992.jpg,3,,,
2993.jpg,0,,,
2994.jpg,0,,,
2995.jpg,3,,,
2996.jpg,3,,,
2997.jpg,1,,,
2998.jpg,3,,,
2999.jpg,3,,,
3000.jpg,0,,,
3001.jpg,3,,,
3002.jpg,1,,,
3003.jpg,3,,,
3004.jpg,3,,,
3005.jpg,3,,,
3006.jpg,3,,,
3007.jpg,3,,,
3008.jpg,3,,,
3009.jpg,3,,,
3010.jpg,1,,,
3011.jpg,0,,,
3012.jpg,0,,,
3013.jpg,3,,,
3014.jpg,0,,,
3015.jpg,0,,,
3016.jpg,3,,,
3017.jpg,1,,,
3018.jpg,3,,,
3019.jpg,3,,,
3020.jpg,3,,,
3021.jpg,1,,,
3022.jpg,3,,,
3023.jpg,1,,,
3024.jpg,1,,,
3025.jpg,0,,,
3026.jpg,3,,,
3027.jpg,3,,,
3028.jpg,3,,,
3029.jpg,3,,,
3030.jpg,3,,,
3031.jpg,3,,,
3032.jpg,3,,,
3033.jpg,13,,,
3034.jpg,13,,,
3035.jpg,3,,,
3036.jpg,3,,,
3037.jpg,3,,,
3038.jpg,3,,,
3039.jpg,3,,,
3040.jpg,3,,,
3041.jpg,3,,,
3042.jpg,3,,,
3043.jpg,3,,,
3044.jpg,3,,,
3045.jpg,3,,,
3046.jpg,3,,,
3047.jpg,3,,,
3048.jpg,3,,,
3049.jpg,3,,,
3050.jpg,3,,,
3051.jpg,3,,,
3052.jpg,3,,,
3053.jpg,3,,,
3054.jpg,3,,,
3055.jpg,3,,,
3056.jpg,3,,,
3057.jpg,3,,,
3058.jpg,3,,,
3059.jpg,3,,,
3060.jpg,3,,,
3061.jpg,3,,,
3062.jpg,3,,,
3063.jpg,3,,,
3064.jpg,3,,,
3065.jpg,3,,,
3066.jpg,3,,,
3067.jpg,3,,,
3068.jpg,3,,,
3069.jpg,3,,,
3070.jpg,3,,,
3071.jpg,3,,,
3072.jpg,3,,,
3073.jpg,1,,,
3074.jpg,1,,,
3075.jpg,1,,,
3076.jpg,1,,,
3077.jpg,1,,,
3078.jpg,1,,,
3079.jpg,1,,,
3080.jpg,1,,,
3081.jpg,1,,,
3082.jpg,3,,,
3083.jpg,3,,,
3084.jpg,3,,,
3085.jpg,3,,,
3086.jpg,3,,,
3087.jpg,3,,,
3088.jpg,3,,,
3089.jpg,3,,,
3090.jpg,3,,,
3091.jpg,3,,,
3092.jpg,3,,,
3093.jpg,0,,,
3094.jpg,0,,,
3095.jpg,0,,,
3096.jpg,1,,,
3097.jpg,3,,,
3098.jpg,3,,,
3099.jpg,3,,,
3100.jpg,3,,,
3101.jpg,0,,,
3102.jpg,3,,,
3103.jpg,3,,,
3104.jpg,3,,,
3105.jpg,3,,,
3106.jpg,3,,,
3107.jpg,1,,,
3108.jpg,1,,,
3109.jpg,3,,,
3110.jpg,0,,,
3111.jpg,0,,,
3112.jpg,0,,,
3113.jpg,0,,,
3114.jpg,3,,,
3115.jpg,0,,,
3116.jpg,0,,,
3117.jpg,0,,,
3118.jpg,0,,,
3119.jpg,1,,,
3120.jpg,3,,,
3121.jpg,3,,,
3122.jpg,3,,,
3123.jpg,1,,,
3124.jpg,1,,,
3125.jpg,1,,,
3126.jpg,1,,,
3127.jpg,1,,,
3128.jpg,1,,,
3129.jpg,1,,,
3130.jpg,1,,,
3131.jpg,3,,,
3132.jpg,3,,,
3133.jpg,3,,,
3134.jpg,1,,,
3135.jpg,1,,,
3136.jpg,3,,,
3137.jpg,1,,,
3138.jpg,1,,,
3139.jpg,0,,,
3140.jpg,3,,,
3141.jpg,1,,,
3142.jpg,3,,,
3143.jpg,1,,,
3144.jpg,1,,,
3145.jpg,0,,,
3146.jpg,0,,,
3147.jpg,1,,,
3148.jpg,1,,,
3149.jpg,1,,,
3150.jpg,1,,,
3151.jpg,1,,,
3152.jpg,1,,,
3153.jpg,1,,,
3154.jpg,3,,,
3155.jpg,1,,,
3156.jpg,3,,,
3157.jpg,3,,,
3158.jpg,3,,,
3159.jpg,1,,,
3160.jpg,0,,,
3161.jpg,0,,,
3162.jpg,6,,,
3163.jpg,3,,,
3164.jpg,0,,,
3165.jpg,0,,,
3166.jpg,0,,,
3167.jpg,0,,,
3168.jpg,0,,,
3169.jpg,0,,,
3170.jpg,0,,,
3171.jpg,0,,,
3172.jpg,3,,,
3173.jpg,3,,,
3174.jpg,3,,,
3175.jpg,3,,,
3176.jpg,3,,,
3177.jpg,0,,,
3178.jpg,0,,,
3179.jpg,3,,,
3180.jpg,3,,,
3181.jpg,3,,,
3182.jpg,3,,,
3183.jpg,3,,,
3184.jpg,3,,,
3185.jpg,3,,,
3186.jpg,3,,,
3187.jpg,3,,,
3188.jpg,3,,,
3189.jpg,3,,,
3190.jpg,3,,,
3191.jpg,3,,,
3192.jpg,3,,,
3193.jpg,3,,,
3194.jpg,3,,,
3195.jpg,3,,,
3196.jpg,3,,,
3197.jpg,3,,,
3198.jpg,3,,,
3199.jpg,3,,,
3200.jpg,3,,,
3201.jpg,3,,,
3202.jpg,1,,,
3203.jpg,1,,,
3204.jpg,1,,,
3205.jpg,3,,,
3206.jpg,3,,,
3207.jpg,3,,,
3208.jpg,3,,,
3209.jpg,3,,,
3210.jpg,1,,,
3211.jpg,3,,,
3212.jpg,3,,,
3213.jpg,3,,,
3214.jpg,3,,,
3215.jpg,3,,,
3216.jpg,3,,,
3217.jpg,3,,,
3218.jpg,3,,,
3219.jpg,3,,,
3220.jpg,3,,,
3221.jpg,3,,,
3222.jpg,3,,,
3223.jpg,3,,,
3224.jpg,3,,,
3225.jpg,3,,,
3226.jpg,3,,,
3227.jpg,3,,,
3228.jpg,3,,,
3229.jpg,3,,,
3230.jpg,1,,,
3231.jpg,0,,,
3232.jpg,1,,,
3233.jpg,3,,,
3234.jpg,3,,,
3235.jpg,0,,,
3236.jpg,0,,,
3237.jpg,3,,,
3238.jpg,3,,,
3239.jpg,3,,,
3240.jpg,3,,,
3241.jpg,3,,,
3242.jpg,3,,,
3243.jpg,3,,,
3244.jpg,3,,,
3245.jpg,1,,,
3246.jpg,3,,,
3247.jpg,3,,,
3248.jpg,3,,,
3249.jpg,3,,,
3250.jpg,3,,,
3251.jpg,3,,,
3252.jpg,1,,,
3253.jpg,3,,,
3254.jpg,3,,,
3255.jpg,3,,,
3256.jpg,3,,,
3257.jpg,3,,,
3258.jpg,3,,,
3259.jpg,3,,,
3260.jpg,3,,,
3261.jpg,3,,,
3262.jpg,3,,,
3263.jpg,1,,,
3264.jpg,3,,,
3265.jpg,3,,,
3266.jpg,3,,,
3267.jpg,3,,,
3268.jpg,3,,,
3269.jpg,3,,,
3270.jpg,3,,,
3271.jpg,3,,,
3272.jpg,3,,,
3273.jpg,0,,,
3274.jpg,0,,,
3275.jpg,1,,,
3276.jpg,1,,,
3277.jpg,0,,,
3278.jpg,0,,,
3279.jpg,1,,,
3280.jpg,1,,,
3281.jpg,1,,,
3282.jpg,1,,,
3283.jpg,1,,,
3284.jpg,1,,,
3285.jpg,1,,,
3286.jpg,1,,,
3287.jpg,1,,,
3288.jpg,3,,,
3289.jpg,1,,,
3290.jpg,3,,,
3291.jpg,1,,,
3292.jpg,3,,,
3293.jpg,3,,,
3294.jpg,1,,,
3295.jpg,1,,,
3296.jpg,3,,,
3297.jpg,3,,,
3298.jpg,3,,,
3299.jpg,0,,,
3300.jpg,0,,,
3301.jpg,0,,,
3302.jpg,0,,,
3303.jpg,1,,,
3304.jpg,3,,,
3305.jpg,1,,,
3306.jpg,3,,,
3307.jpg,1,,,
3308.jpg,3,,,
3309.jpg,3,,,
3310.jpg,3,,,
3311.jpg,1,,,
3312.jpg,1,,,
3313.jpg,1,,,
3314.jpg,1,,,
3315.jpg,1,,,
3316.jpg,1,,,
3317.jpg,1,,,
3318.jpg,1,,,
3319.jpg,0,,,
3320.jpg,1,,,
3321.jpg,3,,,
3322.jpg,3,,,
3323.jpg,0,,,
3324.jpg,0,,,
3325.jpg,0,,,
3326.jpg,1,,,
3327.jpg,3,,,
3328.jpg,1,,,
3329.jpg,3,,,
3330.jpg,1,,,
3331.jpg,1,,,
3332.jpg,1,,,
3333.jpg,1,,,
3334.jpg,3,,,
3335.jpg,1,,,
3336.jpg,1,,,
3337.jpg,1,,,
3338.jpg,3,,,
3339.jpg,3,,,
3340.jpg,3,,,
3341.jpg,1,,,
3342.jpg,3,,,
3343.jpg,3,,,
3344.jpg,0,,,
3345.jpg,0,,,
3346.jpg,0,,,
3347.jpg,0,,,
3348.jpg,1,,,
3349.jpg,1,,,
3350.jpg,1,,,
3351.jpg,1,,,
3352.jpg,1,,,
3353.jpg,1,,,
3354.jpg,1,,,
3355.jpg,1,,,
3356.jpg,1,,,
3357.jpg,1,,,
3358.jpg,1,,,
3359.jpg,0,,,
3360.jpg,0,,,
3361.jpg,0,,,
3362.jpg,3,,,
3363.jpg,3,,,
3364.jpg,3,,,
3365.jpg,0,,,
3366.jpg,0,,,
3367.jpg,0,,,
3368.jpg,0,,,
3369.jpg,1,,,
3370.jpg,1,,,
3371.jpg,3,,,
3372.jpg,3,,,
3373.jpg,1,,,
3374.jpg,0,,,
3375.jpg,0,,,
3376.jpg,1,,,
3377.jpg,1,,,
3378.jpg,0,,,
3379.jpg,0,,,
3380.jpg,1,,,
3381.jpg,3,,,
3382.jpg,3,,,
3383.jpg,3,,,
3384.jpg,3,,,
3385.jpg,0,,,
3386.jpg,1,,,
3387.jpg,5,,,
3388.jpg,3,,,
3389.jpg,3,,,
3390.jpg,1,,,
3391.jpg,1,,,
3392.jpg,3,,,
3393.jpg,1,,,
3394.jpg,1,,,
3395.jpg,1,,,
3396.jpg,0,,,
3397.jpg,0,,,
3398.jpg,0,,,
3399.jpg,0,,,
3400.jpg,1,,,
3401.jpg,1,,,
3402.jpg,1,,,
3403.jpg,1,,,
3404.jpg,1,,,
3405.jpg,3,,,
3406.jpg,3,,,
3407.jpg,3,,,
3408.jpg,3,,,
3409.jpg,1,,,
3410.jpg,3,,,
3411.jpg,3,,,
3412.jpg,3,,,
3413.jpg,1,,,
3414.jpg,1,,,
3415.jpg,1,,,
3416.jpg,1,,,
3417.jpg,1,,,
3418.jpg,1,,,
3419.jpg,1,,,
3420.jpg,7,,,
3421.jpg,7,,,
3422.jpg,7,,,
3423.jpg,3,,,
3424.jpg,3,,,
3425.jpg,3,,,
3426.jpg,1,,,
3427.jpg,3,,,
3428.jpg,3,,,
3429.jpg,3,,,
3430.jpg,3,,,
3431.jpg,3,,,
3432.jpg,1,,,
3433.jpg,0,,,
3434.jpg,1,,,
3435.jpg,1,,,
3436.jpg,1,,,
3437.jpg,1,,,
3438.jpg,0,,,
3439.jpg,0,,,
3440.jpg,0,,,
3441.jpg,0,,,
3442.jpg,0,,,
3443.jpg,3,,,
3444.jpg,1,,,
3445.jpg,3,,,
3446.jpg,3,,,
3447.jpg,0,,,
3448.jpg,1,,,
3449.jpg,1,,,
3450.jpg,3,,,
3451.jpg,9,,,
3452.jpg,9,,,
3453.jpg,3,,,
3454.jpg,3,,,
3455.jpg,3,,,
3456.jpg,3,,,
3457.jpg,10,,,
3458.jpg,0,,,
3459.jpg,1,,,
3460.jpg,3,,,
3461.jpg,1,,,
3462.jpg,3,,,
3463.jpg,3,,,
3464.jpg,3,,,
3465.jpg,1,,,
3466.jpg,1,,,
3467.jpg,3,,,
3468.jpg,3,,,
3469.jpg,3,,,
3470.jpg,3,,,
3471.jpg,3,,,
3472.jpg,3,,,
3473.jpg,3,,,
3474.jpg,3,,,
3475.jpg,3,,,
3476.jpg,0,,,
3477.jpg,0,,,
3478.jpg,0,,,
3479.jpg,0,,,
3480.jpg,0,,,
3481.jpg,3,,,
3482.jpg,1,,,
3483.jpg,3,,,
3484.jpg,1,,,
3485.jpg,0,,,
3486.jpg,0,,,
3487.jpg,1,,,
3488.jpg,1,,,
3489.jpg,1,,,
3490.jpg,3,,,
3491.jpg,3,,,
3492.jpg,3,,,
3493.jpg,3,,,
3494.jpg,3,,,
3495.jpg,3,,,
3496.jpg,3,,,
3497.jpg,0,,,
3498.jpg,1,,,
3499.jpg,3,,,
3500.jpg,3,,,
3501.jpg,1,,,
3502.jpg,1,,,
3503.jpg,1,,,
3504.jpg,0,,,
3505.jpg,0,,,
3506.jpg,14,,,
3507.jpg,1,,,
3508.jpg,3,,,
3509.jpg,0,,,
3510.jpg,0,,,
3511.jpg,0,,,
3512.jpg,1,,,
3513.jpg,3,,,
3514.jpg,0,,,
3515.jpg,1,,,
3516.jpg,1,,,
3517.jpg,3,,,
3518.jpg,1,,,
3519.jpg,1,,,
3520.jpg,1,,,
3521.jpg,1,,,
3522.jpg,4,,,
3523.jpg,0,,,
3524.jpg,3,,,
3525.jpg,1,,,
3526.jpg,12,,,
3527.jpg,1,,,
3528.jpg,6,,,
3529.jpg,3,,,
3530.jpg,1,,,
3531.jpg,1,,,
3532.jpg,1,,,
3533.jpg,0,,,
3534.jpg,3,,,
3535.jpg,1,,,
3536.jpg,3,,,
3537.jpg,3,,,
3538.jpg,3,,,
3539.jpg,1,,,
3540.jpg,1,,,
3541.jpg,1,,,
3542.jpg,3,,,
3543.jpg,1,,,
3544.jpg,1,,,
3545.jpg,3,,,
3546.jpg,3,,,
3547.jpg,3,,,
3548.jpg,1,,,
3549.jpg,0,,,
3550.jpg,3,,,
3551.jpg,3,,,
3552.jpg,0,,,
3553.jpg,0,,,
3554.jpg,0,,,
3555.jpg,3,,,
3556.jpg,3,,,
3557.jpg,1,,,
3558.jpg,0,,,
3559.jpg,0,,,
3560.jpg,1,,,
3561.jpg,0,,,
3562.jpg,3,,,
3563.jpg,3,,,
3564.jpg,3,,,
3565.jpg,0,,,
3566.jpg,1,,,
3567.jpg,1,,,
3568.jpg,1,,,
3569.jpg,1,,,
3570.jpg,1,,,
3571.jpg,3,,,
3572.jpg,1,,,
3573.jpg,1,,,
3574.jpg,1,,,
3575.jpg,1,,,
3576.jpg,1,,,
3577.jpg,1,,,
3578.jpg,0,,,
3579.jpg,0,,,
3580.jpg,3,,,
3581.jpg,3,,,
3582.jpg,3,,,
3583.jpg,3,,,
3584.jpg,1,,,
3585.jpg,1,,,
3586.jpg,3,,,
3587.jpg,3,,,
3588.jpg,0,,,
3589.jpg,1,,,
3590.jpg,1,,,
3591.jpg,1,,,
3592.jpg,1,,,
3593.jpg,1,,,
3594.jpg,1,,,
3595.jpg,3,,,
3596.jpg,3,,,
3597.jpg,3,,,
3598.jpg,3,,,
3599.jpg,3,,,
3600.jpg,3,,,
3601.jpg,3,,,
3602.jpg,1,,,
3603.jpg,0,,,
3604.jpg,1,,,
3605.jpg,1,,,
3606.jpg,1,,,
3607.jpg,1,,,
3608.jpg,1,,,
3609.jpg,1,,,
3610.jpg,0,,,
3611.jpg,0,,,
3612.jpg,0,,,
3613.jpg,3,,,
3614.jpg,3,,,
3615.jpg,1,,,
3616.jpg,1,,,
3617.jpg,1,,,
3618.jpg,1,,,
3619.jpg,1,,,
3620.jpg,9,,,
3621.jpg,9,,,
3622.jpg,3,,,
3623.jpg,3,,,
3624.jpg,3,,,
3625.jpg,1,,,
3626.jpg,0,,,
3627.jpg,3,,,
3628.jpg,1,,,
3629.jpg,9,,,
3630.jpg,3,,,
3631.jpg,3,,,
3632.jpg,3,,,
3633.jpg,1,,,
3634.jpg,0,,,
3635.jpg,1,,,
3636.jpg,0,,,
3637.jpg,1,,,
3638.jpg,8,,,
3639.jpg,3,,,
3640.jpg,1,,,
3641.jpg,3,,,
3642.jpg,1,,,
3643.jpg,5,,,
3644.jpg,1,,,
3645.jpg,3,,,
3646.jpg,3,,,
3647.jpg,3,,,
3648.jpg,1,,,
3649.jpg,1,,,
3650.jpg,0,,,
3651.jpg,0,,,
3652.jpg,0,,,
3653.jpg,3,,,
3654.jpg,1,,,
3655.jpg,1,,,
3656.jpg,3,,,
3657.jpg,3,,,
3658.jpg,1,,,
3659.jpg,1,,,
3660.jpg,1,,,
3661.jpg,1,,,
3662.jpg,1,,,
3663.jpg,1,,,
3664.jpg,3,,,
3665.jpg,3,,,
3666.jpg,0,,,
3667.jpg,0,,,
3668.jpg,3,,,
3669.jpg,0,,,
3670.jpg,1,,,
3671.jpg,3,,,
3672.jpg,3,,,
3673.jpg,3,,,
3674.jpg,3,,,
3675.jpg,3,,,
3676.jpg,3,,,
3677.jpg,3,,,
3678.jpg,0,,,
3679.jpg,0,,,
3680.jpg,3,,,
3681.jpg,3,,,
3682.jpg,3,,,
3683.jpg,0,,,
3684.jpg,1,,,
3685.jpg,2,,,
3686.jpg,1,,,
3687.jpg,1,,,
3688.jpg,1,,,
3689.jpg,1,,,
3690.jpg,3,,,
3691.jpg,3,,,
3692.jpg,0,,,
3693.jpg,0,,,
3694.jpg,1,,,
3695.jpg,1,,,
3696.jpg,0,,,
3697.jpg,0,,,
3698.jpg,3,,,
3699.jpg,3,,,
3700.jpg,0,,,
3701.jpg,0,,,
3702.jpg,0,,,
3703.jpg,1,,,
3704.jpg,3,,,
3705.jpg,3,,,
3706.jpg,1,,,
3707.jpg,3,,,
3708.jpg,1,,,
3709.jpg,3,,,
3710.jpg,1,,,
3711.jpg,3,,,
3712.jpg,3,,,
3713.jpg,0,,,
3714.jpg,1,,,
3715.jpg,1,,,
3716.jpg,0,,,
3717.jpg,1,,,
3718.jpg,3,,,
3719.jpg,3,,,
3720.jpg,3,,,
3721.jpg,3,,,
3722.jpg,3,,,
3723.jpg,0,,,
3724.jpg,0,,,
3725.jpg,0,,,
3726.jpg,1,,,
3727.jpg,1,,,
3728.jpg,1,,,
3729.jpg,1,,,
3730.jpg,1,,,
3731.jpg,1,,,
3732.jpg,1,,,
3733.jpg,1,,,
3734.jpg,1,,,
3735.jpg,0,,,
3736.jpg,0,,,
3737.jpg,3,,,
3738.jpg,3,,,
3739.jpg,1,,,
3740.jpg,1,,,
3741.jpg,1,,,
3742.jpg,1,,,
3743.jpg,0,,,
3744.jpg,0,,,
3745.jpg,1,,,
3746.jpg,1,,,
3747.jpg,1,,,
3748.jpg,1,,,
3749.jpg,0,,,
3750.jpg,1,,,
3751.jpg,1,,,
3752.jpg,1,,,
3753.jpg,0,,,
3754.jpg,3,,,
3755.jpg,3,,,
3756.jpg,1,,,
3757.jpg,3,,,
3758.jpg,1,,,
3759.jpg,1,,,
3760.jpg,3,,,
3761.jpg,3,,,
3762.jpg,1,,,
3763.jpg,1,,,
3764.jpg,3,,,
3765.jpg,3,,,
3766.jpg,1,,,
3767.jpg,1,,,
3768.jpg,1,,,
3769.jpg,1,,,
3770.jpg,1,,,
3771.jpg,1,,,
3772.jpg,3,,,
3773.jpg,3,,,
3774.jpg,1,,,
3775.jpg,8,,,
3776.jpg,8,,,
3777.jpg,1,,,
3778.jpg,1,,,
3779.jpg,1,,,
3780.jpg,0,,,
3781.jpg,1,,,
3782.jpg,3,,,
3783.jpg,3,,,
3784.jpg,3,,,
3785.jpg,3,,,
3786.jpg,3,,,
3787.jpg,1,,,
3788.jpg,3,,,
3789.jpg,0,,,
3790.jpg,0,,,
3791.jpg,0,,,
3792.jpg,0,,,
3793.jpg,1,,,
3794.jpg,1,,,
3795.jpg,3,,,
3796.jpg,3,,,
3797.jpg,1,,,
3798.jpg,1,,,
3799.jpg,1,,,
3800.jpg,1,,,
3801.jpg,1,,,
3802.jpg,1,,,
3803.jpg,3,,,
3804.jpg,3,,,
3805.jpg,3,,,
3806.jpg,3,,,
3807.jpg,1,,,
3808.jpg,1,,,
3809.jpg,1,,,
3810.jpg,1,,,
3811.jpg,1,,,
3812.jpg,3,,,
3813.jpg,1,,,
3814.jpg,9,,,
3815.jpg,1,,,
3816.jpg,3,,,
3817.jpg,3,,,
3818.jpg,1,,,
3819.jpg,1,,,
3820.jpg,15,,,
3821.jpg,15,,,
3822.jpg,15,,,
3823.jpg,15,,,
3824.jpg,15,,,
3825.jpg,15,,,
3826.jpg,3,,,
3827.jpg,3,,,
3828.jpg,3,,,
3829.jpg,3,,,
3830.jpg,3,,,
3831.jpg,0,,,
3832.jpg,0,,,
3833.jpg,3,,,
3834.jpg,1,,,
3835.jpg,1,,,
3836.jpg,3,,,
3837.jpg,3,,,
3838.jpg,3,,,
3839.jpg,1,,,
3840.jpg,3,,,
3841.jpg,3,,,
3842.jpg,1,,,
3843.jpg,1,,,
3844.jpg,1,,,
3845.jpg,3,,,
3846.jpg,0,,,
3847.jpg,3,,,
3848.jpg,3,,,
3849.jpg,1,,,
3850.jpg,9,,,
3851.jpg,9,,,
3852.jpg,9,,,
3853.jpg,3,,,
3854.jpg,3,,,
3855.jpg,0,,,
3856.jpg,0,,,
3857.jpg,1,,,
3858.jpg,3,,,
3859.jpg,1,,,
3860.jpg,3,,,
3861.jpg,1,,,
3862.jpg,3,,,
3863.jpg,3,,,
3864.jpg,3,,,
3865.jpg,9,,,
3866.jpg,9,,,
3867.jpg,0,,,
3868.jpg,0,,,
3869.jpg,3,,,
3870.jpg,1,,,
3871.jpg,1,,,
3872.jpg,1,,,
3873.jpg,3,,,
3874.jpg,3,,,
3875.jpg,1,,,
3876.jpg,3,,,
3877.jpg,3,,,
3878.jpg,1,,,
3879.jpg,0,,,
3880.jpg,3,,,
3881.jpg,3,,,
3882.jpg,3,,,
3883.jpg,3,,,
3884.jpg,1,,,
3885.jpg,0,,,
3886.jpg,0,,,
3887.jpg,3,,,
3888.jpg,3,,,
3889.jpg,3,,,
3890.jpg,2,,,
3891.jpg,2,,,
3892.jpg,3,,,
3893.jpg,3,,,
3894.jpg,3,,,
3895.jpg,0,,,
3896.jpg,3,,,
3897.jpg,1,,,
3898.jpg,3,,,
3899.jpg,1,,,
3900.jpg,3,,,
3901.jpg,3,,,
3902.jpg,3,,,
3903.jpg,1,,,
3904.jpg,3,,,
3905.jpg,3,,,
3906.jpg,3,,,
3907.jpg,3,,,
3908.jpg,1,,,
3909.jpg,1,,,
3910.jpg,1,,,
3911.jpg,1,,,
3912.jpg,3,,,
3913.jpg,3,,,
3914.jpg,3,,,
3915.jpg,1,,,
3916.jpg,0,,,
3917.jpg,3,,,
3918.jpg,3,,,
3919.jpg,3,,,
3920.jpg,3,,,
3921.jpg,1,,,
3922.jpg,0,,,
3923.jpg,3,,,
3924.jpg,1,,,
3925.jpg,3,,,
3926.jpg,3,,,
3927.jpg,3,,,
3928.jpg,3,,,
3929.jpg,3,,,
3930.jpg,1,,,
3931.jpg,1,,,
3932.jpg,3,,,
3933.jpg,3,,,
3934.jpg,1,,,
3935.jpg,3,,,
3936.jpg,3,,,
3937.jpg,3,,,
3938.jpg,3,,,
3939.jpg,1,,,
3940.jpg,1,,,
3941.jpg,1,,,
3942.jpg,1,,,
3943.jpg,1,,,
3944.jpg,1,,,
3945.jpg,3,,,
3946.jpg,1,,,
3947.jpg,3,,,
3948.jpg,3,,,
3949.jpg,1,,,
3950.jpg,1,,,
3951.jpg,1,,,
3952.jpg,1,,,
3953.jpg,1,,,
3954.jpg,1,,,
3955.jpg,1,,,
3956.jpg,9,,,
3957.jpg,0,,,
3958.jpg,0,,,
3959.jpg,0,,,
3960.jpg,3,,,
3961.jpg,3,,,
3962.jpg,3,,,
3963.jpg,3,,,
3964.jpg,3,,,
3965.jpg,3,,,
3966.jpg,3,,,
3967.jpg,3,,,
3968.jpg,1,,,
3969.jpg,3,,,
3970.jpg,1,,,
3971.jpg,1,,,
3972.jpg,3,,,
3973.jpg,3,,,
3974.jpg,3,,,
3975.jpg,3,,,
3976.jpg,3,,,
3977.jpg,1,,,
3978.jpg,3,,,
3979.jpg,1,,,
3980.jpg,1,,,
3981.jpg,0,,,
3982.jpg,3,,,
3983.jpg,1,,,
3984.jpg,1,,,
3985.jpg,1,,,
3986.jpg,3,,,
3987.jpg,3,,,
3988.jpg,1,,,
3989.jpg,1,,,
3990.jpg,1,,,
3991.jpg,0,,,
3992.jpg,3,,,
3993.jpg,3,,,
3994.jpg,3,,,
3995.jpg,3,,,
3996.jpg,3,,,
3997.jpg,3,,,
3998.jpg,3,,,
3999.jpg,1,,,
4000.jpg,3,,,
4001.jpg,3,,,
4002.jpg,3,,,
4003.jpg,1,,,
4004.jpg,1,,,
4005.jpg,1,,,
4006.jpg,0,,,
4007.jpg,1,,,
4008.jpg,0,,,
4009.jpg,3,,,
4010.jpg,3,,,
4011.jpg,3,,,
4012.jpg,1,,,
4013.jpg,1,,,
4014.jpg,1,,,
4015.jpg,1,,,
4016.jpg,1,,,
4017.jpg,1,,,
4018.jpg,1,,,
4019.jpg,1,,,
4020.jpg,0,,,
4021.jpg,1,,,
4022.jpg,0,,,
4023.jpg,0,,,
4024.jpg,1,,,
4025.jpg,1,,,
4026.jpg,1,,,
4027.jpg,0,,,
4028.jpg,0,,,
4029.jpg,1,,,
4030.jpg,1,,,
4031.jpg,3,,,
4032.jpg,3,,,
4033.jpg,1,,,
4034.jpg,1,,,
4035.jpg,3,,,
4036.jpg,3,,,
4037.jpg,0,,,
4038.jpg,0,,,
4039.jpg,1,,,
4040.jpg,0,,,
4041.jpg,0,,,
4042.jpg,1,,,
4043.jpg,1,,,
4044.jpg,1,,,
4045.jpg,1,,,
4046.jpg,1,,,
4047.jpg,1,,,
4048.jpg,1,,,
4049.jpg,1,,,
4050.jpg,3,,,
4051.jpg,1,,,
4052.jpg,1,,,
4053.jpg,0,,,
4054.jpg,0,,,
4055.jpg,0,,,
4056.jpg,0,,,
4057.jpg,0,,,
4058.jpg,0,,,
4059.jpg,1,,,
4060.jpg,1,,,
4061.jpg,1,,,
4062.jpg,6,,,
4063.jpg,3,,,
4064.jpg,1,,,
4065.jpg,3,,,
4066.jpg,1,,,
4067.jpg,1,,,
4068.jpg,9,,,
4069.jpg,0,,,
4070.jpg,1,,,
4071.jpg,14,,,
4072.jpg,3,,,
4073.jpg,10,,,
4074.jpg,0,,,
4075.jpg,0,,,
4076.jpg,1,,,
4077.jpg,1,,,
4078.jpg,1,,,
4079.jpg,1,,,
4080.jpg,3,,,
4081.jpg,3,,,
4082.jpg,0,,,
4083.jpg,3,,,
4084.jpg,3,,,
4085.jpg,11,,,
4086.jpg,0,,,
4087.jpg,1,,,
4088.jpg,1,,,
4089.jpg,1,,,
4090.jpg,1,,,
4091.jpg,0,,,
4092.jpg,0,,,
4093.jpg,0,,,
4094.jpg,1,,,
4095.jpg,1,,,
4096.jpg,0,,,
4097.jpg,0,,,
4098.jpg,0,,,
4099.jpg,0,,,
4100.jpg,1,,,
4101.jpg,1,,,
4102.jpg,3,,,
4103.jpg,1,,,
4104.jpg,1,,,
4105.jpg,1,,,
4106.jpg,3,,,
4107.jpg,1,,,
4108.jpg,0,,,
4109.jpg,1,,,
4110.jpg,1,,,
4111.jpg,1,,,
4112.jpg,1,,,
4113.jpg,1,,,
4114.jpg,3,,,
4115.jpg,3,,,
4116.jpg,3,,,
4117.jpg,1,,,
4118.jpg,3,,,
4119.jpg,0,,,
4120.jpg,1,,,
4121.jpg,1,,,
4122.jpg,3,,,
4123.jpg,1,,,
4124.jpg,0,,,
4125.jpg,0,,,
4126.jpg,0,,,
4127.jpg,1,,,
4128.jpg,3,,,
4129.jpg,1,,,
4130.jpg,1,,,
4131.jpg,1,,,
4132.jpg,3,,,
4133.jpg,1,,,
4134.jpg,0,,,
4135.jpg,3,,,
4136.jpg,3,,,
4137.jpg,1,,,
4138.jpg,1,,,
4139.jpg,0,,,
4140.jpg,3,,,
4141.jpg,1,,,
4142.jpg,1,,,
4143.jpg,1,,,
4144.jpg,1,,,
4145.jpg,1,,,
4146.jpg,1,,,
4147.jpg,0,,,
4148.jpg,0,,,
4149.jpg,1,,,
4150.jpg,0,,,
4151.jpg,1,,,
4152.jpg,1,,,
4153.jpg,1,,,
4154.jpg,1,,,
4155.jpg,1,,,
4156.jpg,1,,,
4157.jpg,3,,,
4158.jpg,3,,,
4159.jpg,3,,,
4160.jpg,0,,,
4161.jpg,0,,,
4162.jpg,1,,,
4163.jpg,1,,,
4164.jpg,1,,,
4165.jpg,1,,,
4166.jpg,1,,,
4167.jpg,1,,,
4168.jpg,3,,,
4169.jpg,1,,,
4170.jpg,1,,,
4171.jpg,1,,,
4172.jpg,1,,,
4173.jpg,3,,,
4174.jpg,3,,,
4175.jpg,1,,,
4176.jpg,3,,,
4177.jpg,3,,,
4178.jpg,3,,,
4179.jpg,4,,,
4180.jpg,3,,,
4181.jpg,3,,,
4182.jpg,3,,,
4183.jpg,3,,,
4184.jpg,3,,,
4185.jpg,1,,,
4186.jpg,3,,,
4187.jpg,0,,,
4188.jpg,0,,,
4189.jpg,0,,,
4190.jpg,0,,,
4191.jpg,0,,,
4192.jpg,0,,,
4193.jpg,0,,,
4194.jpg,0,,,
4195.jpg,0,,,
4196.jpg,0,,,
4197.jpg,0,,,
4198.jpg,1,,,
4199.jpg,1,,,
4200.jpg,1,,,
4201.jpg,3,,,
4202.jpg,1,,,
4203.jpg,3,,,
4204.jpg,3,,,
4205.jpg,0,,,
4206.jpg,1,,,
4207.jpg,3,,,
4208.jpg,3,,,
4209.jpg,3,,,
4210.jpg,3,,,
4211.jpg,3,,,
4212.jpg,0,,,
4213.jpg,3,,,
4214.jpg,3,,,
4215.jpg,3,,,
4216.jpg,1,,,
4217.jpg,1,,,
4218.jpg,1,,,
4219.jpg,1,,,
4220.jpg,1,,,
4221.jpg,1,,,
4222.jpg,1,,,
4223.jpg,1,,,
4224.jpg,1,,,
4225.jpg,1,,,
4226.jpg,1,,,
4227.jpg,0,,,
4228.jpg,0,,,
4229.jpg,1,,,
4230.jpg,1,,,
4231.jpg,1,,,
4232.jpg,3,,,
4233.jpg,3,,,
4234.jpg,0,,,
4235.jpg,3,,,
4236.jpg,3,,,
4237.jpg,3,,,
4238.jpg,3,,,
4239.jpg,3,,,
4240.jpg,3,,,
4241.jpg,1,,,
4242.jpg,1,,,
4243.jpg,1,,,
4244.jpg,1,,,
4245.jpg,3,,,
4246.jpg,3,,,
4247.jpg,1,,,
4248.jpg,1,,,
4249.jpg,0,,,
4250.jpg,1,,,
4251.jpg,1,,,
4252.jpg,1,,,
4253.jpg,1,,,
4254.jpg,3,,,
4255.jpg,1,,,
4256.jpg,1,,,
4257.jpg,1,,,
4258.jpg,0,,,
4259.jpg,1,,,
4260.jpg,1,,,
4261.jpg,1,,,
4262.jpg,1,,,
4263.jpg,1,,,
4264.jpg,0,,,
4265.jpg,1,,,
4266.jpg,1,,,
4267.jpg,3,,,
4268.jpg,1,,,
4269.jpg,1,,,
4270.jpg,1,,,
4271.jpg,12,,,
4272.jpg,1,,,
4273.jpg,3,,,
4274.jpg,1,,,
4275.jpg,1,,,
4276.jpg,0,,,
4277.jpg,0,,,
4278.jpg,0,,,
4279.jpg,1,,,
4280.jpg,1,,,
4281.jpg,1,,,
4282.jpg,3,,,
4283.jpg,3,,,
4284.jpg,3,,,
4285.jpg,3,,,
4286.jpg,3,,,
4287.jpg,3,,,
4288.jpg,3,,,
4289.jpg,1,,,
4290.jpg,3,,,
4291.jpg,1,,,
4292.jpg,1,,,
4293.jpg,3,,,
4294.jpg,1,,,
4295.jpg,1,,,
4296.jpg,3,,,
4297.jpg,3,,,
4298.jpg,3,,,
4299.jpg,3,,,
4300.jpg,0,,,
4301.jpg,3,,,
4302.jpg,3,,,
4303.jpg,3,,,
4304.jpg,3,,,
4305.jpg,1,,,
4306.jpg,1,,,
4307.jpg,1,,,
4308.jpg,3,,,
4309.jpg,1,,,
4310.jpg,3,,,
4311.jpg,1,,,
4312.jpg,3,,,
4313.jpg,1,,,
4314.jpg,1,,,
4315.jpg,1,,,
4316.jpg,1,,,
4317.jpg,1,,,
4318.jpg,3,,,
4319.jpg,3,,,
4320.jpg,3,,,
4321.jpg,3,,,
4322.jpg,3,,,
4323.jpg,3,,,
4324.jpg,0,,,
4325.jpg,3,,,
4326.jpg,3,,,
4327.jpg,1,,,
4328.jpg,3,,,
4329.jpg,3,,,
4330.jpg,1,,,
4331.jpg,3,,,
4332.jpg,3,,,
4333.jpg,3,,,
4334.jpg,3,,,
4335.jpg,3,,,
4336.jpg,3,,,
4337.jpg,3,,,
4338.jpg,1,,,
4339.jpg,1,,,
4340.jpg,3,,,
4341.jpg,0,,,
4342.jpg,0,,,
4343.jpg,0,,,
4344.jpg,0,,,
4345.jpg,0,,,
4346.jpg,1,,,
4347.jpg,1,,,
4348.jpg,1,,,
4349.jpg,3,,,
4350.jpg,1,,,
4351.jpg,3,,,
4352.jpg,3,,,
4353.jpg,3,,,
4354.jpg,1,,,
4355.jpg,3,,,
4356.jpg,1,,,
4357.jpg,0,,,
4358.jpg,0,,,
4359.jpg,0,,,
4360.jpg,3,,,
4361.jpg,3,,,
4362.jpg,3,,,
4363.jpg,1,,,
4364.jpg,1,,,
4365.jpg,1,,,
4366.jpg,3,,,
4367.jpg,3,,,
4368.jpg,1,,,
4369.jpg,3,,,
4370.jpg,3,,,
4371.jpg,1,,,
4372.jpg,0,,,
4373.jpg,3,,,
4374.jpg,0,,,
4375.jpg,0,,,
4376.jpg,0,,,
4377.jpg,3,,,
4378.jpg,1,,,
4379.jpg,1,,,
4380.jpg,1,,,
4381.jpg,1,,,
4382.jpg,1,,,
4383.jpg,1,,,
4384.jpg,3,,,
4385.jpg,3,,,
4386.jpg,0,,,
4387.jpg,3,,,
4388.jpg,3,,,
4389.jpg,1,,,
4390.jpg,1,,,
4391.jpg,1,,,2196
4392.jpg,1,,,
